{
    "AWSTemplateFormatVersion": "2010-09-09",
    "Mappings": {
        "ActMap": {
            "930136447543": {
                "Subnets": ["subnet-1c6a4634", "subnet-aadf34dd"],
                "Path": "/pw-hq/"
            },
            "988201728534": {
                "Subnets": ["subnet-17515a51", "subnet-a70c3a8f"],
                "Path": "/pw-hq/"
            },
            "951854665038": {
                "Subnets": ["subnet-0f3bb678", "subnet-8140e6d8"],
                "Path": "/pw-hq/"
            },
            "322870840626": {
                "Subnets": ["subnet-c3f6429a", "subnet-aefb90cb"],
                "Path": "/pw-hq/"
            },
            "821735935111": {
                "Subnets": ["subnet-2c006606", "subnet-ef81d099"],
                "Path": "/pw-hq/"
            },
            "510369821637": {
                "Subnets": ["subnet-e72f61bf", "subnet-ce93a1b8"],
                "Path": "/pw-hq/UAI2000020/"
            },
            "564772463473": {
                "Subnets": ["subnet-d61d34a0", "subnet-cd377295"],
                "Path": "/pw-hq/UAI2000020/"
            },
            "753920291680": {
                "Subnets": ["subnet-047e5c5f", "subnet-bd31a8d8"],
                "Path": "/pw-hq/UAI2006957/"
            }
        }
    },
    "Resources": {
        "LambdaRole": {
            "Type": "AWS::IAM::Role",
            "Properties": {
                "AssumeRolePolicyDocument": {
                    "Version": "2012-10-17",
                    "Statement": [{
                        "Effect": "Allow",
                        "Principal": {
                            "Service": ["lambda.amazonaws.com"]
                        },
                        "Action": ["sts:AssumeRole"]
                    }]
                },
                "Path": { "Fn::FindInMap": ["ActMap", { "Ref": "AWS::AccountId" }, "Path"] }
            }
        },
        "RolePolicies": {
            "Type": "AWS::IAM::Policy",
            "Properties": {
                "PolicyName": "bu-pw-vpclambda-app-policy",
                "PolicyDocument": {
                    "Version": "2012-10-17",
                    "Statement": [{
                            "Effect": "Allow",
                            "Action": [
                                "logs:CreateLogGroup",
                                "logs:CreateLogStream",
                                "logs:PutLogEvents"
                            ],
                            "Resource": "arn:aws:logs:*:*:*"
                        },
                        {
                            "Effect": "Allow",
                            "Action": [
                                "ec2:CreateNetworkInterface",
                                "ec2:DescribeNetworkInterfaces",
                                "ec2:DetachNetworkInterface",
                                "ec2:DeleteNetworkInterface",
                                "ec2:Describe*",
                                "ec2:DeregisterImage"
                                
                            ],
                            "Resource": "*",
                            "Condition": {
                                "StringLikeIfExists": {
                                    "ec2:Subnet": {"Fn::FindInMap": ["ActMap", { "Ref": "AWS::AccountId" }, "Subnets"] }
                                }
                            }
                        },
                        {
                            "Effect": "Allow",
                            "Action": [
                                "elasticloadbalancing:Describe*",
                                "elasticloadbalancing:DeleteLoadBalancer"
                                ],
                            "Resource": "*"
                        }
                    ]
                },
                "Roles": [{
                    "Ref": "LambdaRole"
                }]
            }
        }
    }
}
