{
	"AWSTemplateFormatVersion": "2010-09-09",

	"Resources": {
		"chef": {
			"Type": "AWS::IAM::Group",
			"Properties": {				
				"Path": "/app/pw-hq/UAI2000020/prd/ebsmgmt-prd-app-chef/",
				"ManagedPolicyArns": [{
                    "Fn::Join": ["", ["arn:aws:iam::", {
                        "Ref": "AWS::AccountId"
                    }, ":policy/cs/awsiam-sauce"]]
                }, {
                    "Fn::Join": ["", ["arn:aws:iam::", {
                        "Ref": "AWS::AccountId"
                    }, ":policy/cs/awsiam-sauce-the-sequel"]]
                }],
                "Policies": [{
					"PolicyName": "ebsmgmt-prd-app-policy",
					"PolicyDocument": {
						"Version": "2012-10-17",
						"Statement": [
							{
								"Sid": "ActionsForEBSOperations",
								"Effect": "Allow",
								"Resource": "*",
								"Action": [
									"ec2:CreateSnapShot",
									"ec2:DeleteSnapshot",
									"ec2:DescribeSnapshots",
									"ec2:CreateVolume",
									"ec2:DescribeVolumeStatus",
									"ec2:DescribeVolumes",
									"ec2:CreateTags",
									"ec2:DescribeTags",
									"ec2:AttachVolume",
									"ec2:DetachVolume",
									"ec2:DescribeSnapshotAttribute",
									"ec2:ModifySnapshotAttribute",
									"ec2:ModifyInstanceAttribute"
								]
							}
						]
					}
				}]
            }
		},
		"addUserToGroup" : {
		   "Type" : "AWS::IAM::UserToGroupAddition",
		   "Properties" : {
			  "GroupName" : { "Ref": "chef" },
			  "Users" : [ "502409763" ]
		   }
		}
	}
}
