{
   "AWSTemplateFormatVersion": "2010-09-09",
   "Resources": {
      "log": {
         "Type": "AWS::IAM::Role",
         "Properties": {
            "AssumeRolePolicyDocument": {
				  "Version": "2012-10-17",
				  "Statement": [
					{
					  "Sid": "",
					  "Effect": "Allow",
					  "Principal": {
						"Service": "vpc-flow-logs.amazonaws.com"
					  },
					  "Action": "sts:AssumeRole"
					}
				  ]
				},
            "Path": "/app/pw-hq/UAI2000020/prd/"
         }
      },
      "RolePolicies": {
         "Type": "AWS::IAM::Policy",
         "Properties": {
            "PolicyName": "flowlog-prd-app-log-policy",
            "PolicyDocument": {
				"Statement": [
					{
						"Action": [
							"logs:CreateLogGroup",
							"logs:CreateLogStream",
							"logs:DescribeLogGroups",
							"logs:DescribeLogStreams",
							"logs:PutLogEvents"
						],
						"Effect": "Allow",
						"Resource": "*"
					}
				]
			},
         "Roles": [ {
            "Ref": "log"
            } ]
         }
      }
   }
}
