{
   "AWSTemplateFormatVersion": "2010-09-09",
   
   "Resources": {
      "RolePolicies": {
         "Type": "AWS::IAM::Policy",
         "Properties": {
            "PolicyName": "bu-pw-vera-ge-policy",
            "Roles" : ["bu-pw-vera-ge"],
            "PolicyDocument": {
				"Version": "2012-10-17",
				"Statement": [
					{
						"Sid": "ActionsForEc2Operations",
						"Effect": "Allow",
						"Resource": "*",
						"Action": [
							"ec2:StopInstances",
							"ec2:TerminateInstances"						
						],
						"Condition": {
							"StringEquals": {"ec2:ResourceTag/UAI": "UAI2001147"}}
					}
				]
			}
      }
   }
}
}

