{
    "AWSTemplateFormatVersion": "2010-09-09",
    "Resources": {
        "appRole": {
            "Type": "AWS::IAM::Role",
            "Properties": {
                "RoleName": "cldctrl-prd-app",
                "AssumeRolePolicyDocument": {
                    "Version": "2012-10-17",
                    "Statement": [{
                        "Effect": "Allow",
                        "Principal": { "Service": ["ec2.amazonaws.com"] },
                        "Action": ["sts:AssumeRole"]
                    }]
                },
                "ManagedPolicyArns": [{ "Fn::Join": ["", ["arn:aws:iam::", { "Ref": "AWS::AccountId" }, ":policy/cs/awsiam-sauce"]] }, 
                                      { "Fn::Join": ["", ["arn:aws:iam::", { "Ref": "AWS::AccountId" }, ":policy/cs/awsiam-sauce-the-sequel"]] }],
                "Path": "/app/pw-hq/UAI2000020/prd/"
            }
        },
        "RolePolicies": {
            "Type": "AWS::IAM::Policy",
            "Properties": {
                "PolicyName": "cldctrl-prd-app-policy",
                "PolicyDocument": {
                    "Version": "2012-10-17",
                    "Statement": [{
                        "Sid": "AssumeRole",
                        "Effect": "Allow",
                        "Action": [ "sts:AssumeRole" ],
                        "Resource": [
                            "arn:aws:iam::930136447543:role/cloudcontrol/pw-hq/UAI1010786/bu-pw-cloudcontrol-app",
                            "arn:aws:iam::988201728534:role/cloudcontrol/pw-hq/UAI1010786/bu-pw-cloudcontrol-app",
                            "arn:aws:iam::951854665038:role/cloudcontrol/pw-hq/UAI1010786/bu-pw-cloudcontrol-app",
                            "arn:aws:iam::322870840626:role/cloudcontrol/pw-hq/UAI1010786/bu-pw-cloudcontrol-app"
                        ]
                    }]
                },
                "Roles": [{ "Ref": "appRole" }]
            }
        },
        "InstanceProfile": {
            "Type": "AWS::IAM::InstanceProfile",
            "Properties": {
                "Path": "/app/pw-hq/UAI2000020/prd/",
                "Roles": [{ "Ref": "appRole" }]
            }
        }
    }
}
