{
   "AWSTemplateFormatVersion": "2010-09-09",

   "Resources": {
      "RolePolicies": {
         "Type": "AWS::IAM::Policy",
         "Properties": {
            "PolicyName": "bu-pw-cldfrntmgmt-app-policy",
            "Roles" : ["bu-pw-cldfrntmgmt-app"],
            "PolicyDocument": {
				"Version": "2012-10-17",
				"Statement": [
					{
						"Sid": "AllowCloudFrontActions",
						"Effect": "Allow",
						"Action": [
							"cloudfront:CreateDistribution",
							"cloudfront:GetDistribution",
							"cloudfront:GetDistributionConfig",
							"cloudfront:UpdateDistribution",
							"cloudfront:CreateInvalidation",
							"cloudfront:GetInvalidation",
							"cloudfront:DeleteDistribution"
						],
						"Resource": "*",
						"Condition": {
							"Bool": {
								"aws:SecureTransport": "true"
							}
						}
					},
					{
						"Sid": "AllowS3BucketActions",
						"Effect": "Allow",
						"Action": [
							"s3:GetBucketAcl",
							"s3:PutBucketAcl"
						],
						"Resource": [
							"arn:aws:s3:::pw-microsites-logs"
						]
					}
				]
			}
      		}
   	}
}
}
