{
  "AWSTemplateFormatVersion": "2010-09-09",
  "Mappings": {
    "ActMap": {
      "930136447543": {
        "Path": "/app/pw-hq/UAI2004397/dev/",
        "VPCcode": "us1n",
        "Role1": "app/pw-hq/UAI2004397/dev/bu-pw-master-us1n-admin-jenkins-app",
        "Role2": "app/pw-hq/UAI2000020/dev/packer/bu-pw-dev-packer-app",
        "Volumes": "vol-027fa283e54791000",
        "S3bucket": "automation-common-tools-us1n"
      },
      "988201728534": {
        "Path": "/app/pw-hq/UAI2004397/prd/",
        "VPCcode": "us1p",
        "Role1": "app/pw-hq/UAI2000020/prd/jenkins-prd-app",
        "Role2": "app/pw-hq/UAI2000020/dev/packer/bu-pw-dev-packer-app"
      },
      "951854665038": {
        "Path": "/app/pw-hq/UAI2004397/dev/",
        "VPCcode": "eu1n",
        "Role1": "app/pw-hq/UAI2000020/prd/Jenkins-InfraSetup-AppRole/jenkins-infrasetup-dev-appRole-UMORHJV1TZGK",
        "Role2": "app/pw-hq/UAI2000020/dev/packer/bu-pw-dev-packer-app"
      },
      "322870840626": {
        "Path": "/app/pw-hq/UAI2004397/prd/",
        "VPCcode": "eu1p",
        "Role1": "app/pw-hq/UAI2000020/prd/Jenkins-InfraSetup-AppRole/jenkins-infrasetup-prd-appRole-12M6DWTL387UB",
        "Role2": "app/pw-hq/UAI2000020/dev/packer/bu-pw-dev-packer-app"
      }
    }
  },
  "Resources": {
    "JenkinsRole": {
      "Type": "AWS::IAM::Role",
      "Properties": {
        "AssumeRolePolicyDocument": {
          "Version": "2012-10-17",
          "Statement": [{
            "Effect": "Allow",
            "Principal": { "Service": ["ec2.amazonaws.com"] },
            "Action": ["sts:AssumeRole"]
          }]
        },
        "Path": { "Fn::FindInMap": ["ActMap", { "Ref": "AWS::AccountId" }, "Path"] },
        "RoleName": { "Fn::Join": ["-", ["bu-pw-master", { "Fn::FindInMap": ["ActMap", { "Ref": "AWS::AccountId" }, "VPCcode"] }, "admin-jenkins-app"]] }
      }
    },
    "RolePolicies": {
      "Type": "AWS::IAM::Policy",
      "Properties": {
        "PolicyName": { "Fn::Join": ["-", ["jenkins", { "Fn::FindInMap": ["ActMap", { "Ref": "AWS::AccountId" }, "VPCcode"] }, "app-policy"]] },
        "PolicyDocument": {
          "Version": "2012-10-17",
          "Statement": [{
            "Sid": "AssumeRole",
            "Effect": "Allow",
            "Action": [ "sts:AssumeRole" ],
            "Resource": [
              { "Fn::Join": ["", ["arn:aws:iam::", { "Ref": "AWS::AccountId" }, ":role/", { "Fn::FindInMap": ["ActMap", { "Ref": "AWS::AccountId" }, "Role1"] }]] },
              { "Fn::Join": ["", ["arn:aws:iam::", { "Ref": "AWS::AccountId" }, ":role/", { "Fn::FindInMap": ["ActMap", { "Ref": "AWS::AccountId" }, "Role2"] }]] }
            ]
          },
          {
              "Sid": "AllowEBSActions",
              "Effect": "Allow",
              "Action": [
                  "ec2:AttachVolume"
              ],
              "Resource": [{ "Fn::Join": [":", ["arn:aws:ec2", { "Ref": "AWS::Region" }, { "Ref": "AWS::AccountId" }, "instance/*"]] }, 
                           { "Fn::Join": [":", ["arn:aws:ec2", { "Ref": "AWS::Region" }, { "Ref": "AWS::AccountId" }, "volume/*"]] } ],
              "Condition": { "StringEquals": { "ec2:ResourceTag/IsJenkins": "true" } }
          },
          {
              "Sid": "AllowEBSDescribe",
              "Effect": "Allow",
              "Action": [ 
                  "ec2:DescribeVolumes",
                  "ec2:DescribeSnapshots",
                  "ec2:DescribeSnapshotAttribute",
                  "ec2:DescribeVolumeStatus",
                  "ec2:DescribeVolumeAttribute"
              ],
              "Resource": "*"
          },
          {
              "Sid": "AllowS3Actions",
              "Action": [ "s3:ListBucket" ],
              "Effect": "Allow",
              "Resource": { "Fn::Join": ["", ["arn:aws:s3:::", { "Fn::FindInMap": ["ActMap", { "Ref": "AWS::AccountId" }, "S3bucket"] }]]}
          }, 
          {
              "Sid": "AllowOtherS3Access",
              "Action": [ "s3:PutObject", "s3:GetObject" ],
              "Effect": "Allow",
              "Resource": { "Fn::Join": ["", ["arn:aws:s3:::", { "Fn::FindInMap": ["ActMap", { "Ref": "AWS::AccountId" }, "S3bucket"] }, "/*" ]]}
          }]
        },
        "Roles": [{ "Ref": "JenkinsRole" }]
      }
    },
    "JenkinsInstanceProfile": {
      "Type": "AWS::IAM::InstanceProfile",
      "Properties": {
        "Path": { "Fn::FindInMap": ["ActMap", { "Ref": "AWS::AccountId" }, "Path"] },
        "Roles": [{ "Ref": "JenkinsRole" }],
        "InstanceProfileName": { "Fn::Join": ["-", ["bu-pw-master", { "Fn::FindInMap": ["ActMap", { "Ref": "AWS::AccountId" }, "VPCcode"] }, "admin-jenkins-app"]] }
      }
    }
  }
}
