{
	"AWSTemplateFormatVersion": "2010-09-09",
	"Parameters": {
		"AccountType": {
			"Description": "Account Code.",
			"Default": "US1N",
			"Type": "String",
			"AllowedValues": [
				"US1P",
				"US1N",
				"EU1P",
				"EU1N"
			],

			"ConstraintDescription": "must specify US1N,US1P,EU1N or EU1P."
		}
	},

	"Conditions": {
		"CreateAssumeRolePolicy": {
			"Fn::Equals": [{
					"Ref": "AccountType"
				},

				"US1P"
			]
		}
	},

	"Resources": {
		"describeinstanceRole": {
			"Type": "AWS::IAM::Role",
			"Properties": {
				"AssumeRolePolicyDocument": {
					"Version": "2012-10-17",
					"Statement": [{
						"Effect": "Allow",
						"Principal": {
							"Service": [
								"ec2.amazonaws.com"
							]
						},

						"Action": [
							"sts:AssumeRole"
						]
					}]
				},

				"Path": "/pw-hq/"
			}
		},

		"RolePoliciesActions": {
			"Type": "AWS::IAM::Policy",
			"Properties": {
				"PolicyName": "bu-pw-instrprt-app-policy",
				"PolicyDocument": {
					"Version": "2012-10-17",
					"Statement": [{
							"Sid": "AllowEC2ReadActions",
							"Effect": "Allow",
							"Action": "ec2:Describe*",
							"Resource": "*"
						},

						{
							"Sid": "AllowRDSReadActions",
							"Effect": "Allow",
							"Action": [
								"rds:DescribeDBInstances",
								"rds:ListTagsForResource"
							],

							"Resource": [
								"*"
							]
						}
					]
				},

				"Roles": [{
					"Ref": "describeinstanceRole"
				}]
			}
		},

		"RolePoliciesAssume": {
			"Type": "AWS::IAM::Policy",
			"Condition": "CreateAssumeRolePolicy",
			"Properties": {
				"PolicyName": "bu-pw-instrprt-assume-policy",
				"PolicyDocument": {
					"Version": "2012-10-17",
					"Statement": [{
						"Sid": "AssumeRole",
						"Effect": "Allow",
						"Action": [
							"sts:AssumeRole"
						],

						"Resource": [
							"arn:aws:iam::930136447543:role/pw-hq/iam-role-bu-instrprt-app-describeinstanceRole*",
							"arn:aws:iam::951854665038:role/pw-hq/iam-role-bu-instrprt-app-describeinstanceRole*",
							"arn:aws:iam::322870840626:role/pw-hq/iam-role-bu-instrprt-app-describeinstanceRole*"
						]
					}]
				},

				"Roles": [{
					"Ref": "describeinstanceRole"
				}]
			}
		},

		"DescribeInstancesInstanceProfile": {
			"Type": "AWS::IAM::InstanceProfile",
			"Properties": {
				"Path": "/pw-hq/",
				"Roles": [{
					"Ref": "describeinstanceRole"
				}]
			}
		}
	}
}
