{
	"AWSTemplateFormatVersion": "2010-09-09",
	"Description": "Cloudformation stack for lambda-iam-role",
	"Parameters": {
		"App": {
			"Type": "String",
			"Description": "Name of the application"
		},
		"Environment": {
			"Type": "String",
			"AllowedValues": ["dev", "qa", "stg", "prd"]
		},
		"UAI": {
			"Type": "String",
			"Description": "Universal Application Identifier. Found at https://applications.ge.com"
		},
		"VBusiness": {
			"Type": "String",
			"Description": "Identify the business, this will be used just under the root of the S3 bucket"
		}
	},
	"Resources": {
		"Role": {
			"Type": "AWS::IAM::Role",
			"Properties": {
				"AssumeRolePolicyDocument": {
					"Version": "2012-10-17",
					"Statement": [{
						"Effect": "Allow",
						"Principal": {
							"Service": "lambda.amazonaws.com"
						},
						"Action": "sts:AssumeRole"
					}]
				},
				"ManagedPolicyArns": [
					{ "Fn::Join": [":", ["arn:aws:iam:", { "Ref": "AWS::AccountId" }, "policy/cs/awsiam-sauce"]] },
					{ "Fn::Join": [":", ["arn:aws:iam:", { "Ref": "AWS::AccountId" }, "policy/cs/awsiam-sauce-the-sequel"]] }
				],
				"Path": { "Fn::Join": ["/", ["/app", { "Ref": "VBusiness" }, { "Ref": "UAI" }, { "Ref": "Environment" }, ""]] },
				"RoleName": { "Fn::Join": ["-", [{ "Ref": "App" }, { "Ref": "Environment" }, "lambda"]] }
			}
		},
		"RolePolicy": {
			"Type": "AWS::IAM::Policy",
			"Properties": {
				"PolicyName": { "Fn::Join": ["-", [{ "Ref": "App" }, { "Ref": "Environment" }, "lambda-s3-access"]] },
				"Roles": [{ "Ref": "Role" }],
				"PolicyDocument": {
					"Version": "2012-10-17",
					"Statement": [{
						"Sid": "AllowS3Listing",
						"Action": [
							"s3:ListBucket"
						],
						"Effect": "Allow",
						"Resource": [
							"arn:aws:s3:::st-pw-central-us1p",
							"arn:aws:s3:::dev-pw-central"
						],
						"Condition": {
							"StringLike": {
								"s3:prefix": "/water/drupal/*"
							}
						}
					},
					{
						"Sid": "AllowS3RW",
						"Action": [
							"s3:DeleteObject",
							"s3:PutObject",
							"s3:GetObject"
						],
						"Effect": "Allow",
						"Resource": [
							"arn:aws:s3:::st-pw-central-us1p:/water/drupal/*",
							"arn:aws:s3:::dev-pw-central/water/drupal/*"
						]
					}]
				}
			}
		}
	}
}
