{
	"AWSTemplateFormatVersion": "2010-09-09",
	"Parameters": {
		"VAppName": {
			"Type": "String",
			"Description": "Application name."
		},
		"VEnvName": {
			"Type": "String",
			"Description": "Environment name, this should be set to stg or prd."
		},
		"UAI": {
			"Type": "String",
			"Description": "Universal Application Identifier. Found at https://applications.ge.com"
		}
	},
	"Resources": {
		"RolePolicies": {
			"Type": "AWS::IAM::Policy",
			"Properties": {
				"PolicyName": { "Fn::Join": ["-", [{ "Ref": "VAppName" }, { "Ref": "VEnvName" }, "fed-policy"]] },
				"Roles": [{ "Fn::Join": ["-", [{ "Ref": "VAppName" }, { "Ref": "VEnvName" }, "fed"]] }],
				"PolicyDocument": {
					"Version": "2012-10-17",
					"Statement": [
						{
              "Sid": "ReadOnlyAccess",
              "Action": [
                "autoscaling:Describe*",
                "elasticloadbalancing:Describe*",
                "cloudformation:DescribeStacks",
                "cloudformation:DescribeStackEvents",
                "cloudformation:DescribeStackResource",
                "cloudformation:DescribeStackResources",
                "cloudformation:GetTemplate",
                "cloudformation:List*",
                "cloudfront:Get*",
                "cloudfront:List*",
                
                "cloudfront:CreateInvalidation",
                "elasticloadbalancing:DescribeLoadBalancers",
            	"iam:ListServerCertificates",
                
                "cloudtrail:DescribeTrails",
                "cloudtrail:GetTrailStatus",
                "cloudwatch:Describe*",
                "cloudwatch:Get*",
                "cloudwatch:List*",
                "cloudwatch:Set*",
                "cloudwatch:Put*",
                "cloudwatch:Disable*",
                "cloudwatch:Enable*",
                "ec2:Describe*",
                "iam:List*",
                "iam:Get*",
                "redshift:Describe*",
                "redshift:ViewQueriesInConsole",
                "rds:Describe*",
                "rds:ListTagsForResource",
                "s3:List*"
              ],
              "Effect": "Allow",
              "Resource": "*"
            },
						{
							"Sid": "FullRDSAccessWithFilterDatabaseName",
							"Action": "rds:*",
							"Effect": "Allow",
							"Resource": "*",
							"Condition": {
								"StringLike": {
									"rds:DatabaseName": "*water-drupal*"
								}
							}
						},
						{
							"Sid": "FullEC2AccessWithFilterOnAssetidTag",
							"Action": [
                "ec2:AttachVolume",
                "ec2:AttachNetworkInterface",
                "ec2:AuthorizeSecurityGroup*",
                "ec2:CreateNetworkInterface",
                "ec2:CreateSnapshot",
                "ec2:CreateTags",
                "ec2:CreateVolume",
                "ec2:DeleteNetworkInterface",
                "ec2:DeleteSnapshot",
                "ec2:DeleteTags",
                "ec2:DeleteVolume",
                "ec2:DeregisterImage",
                "ec2:DetachNetworkInterface",
                "ec2:DetachVolume",
                "ec2:EnableVolumeIO",
                "ec2:GetConsoleOutput",
                "ec2:GetConsoleScreenshot",
                "ec2:GetPasswordData",
                "ec2:ImportSnapshot",
                "ec2:ImportVolume",
                "ec2:ModifyHosts",
                "ec2:ModifyInstanceAttribute",
                "ec2:ModifyInstancePlacement",
                "ec2:ModifyNetworkInterfaceAttribute",
                "ec2:ModifySnapshotAttribute",
                "ec2:ModifyVolumeAttribute",
                "ec2:MonitorInstances",
                "ec2:RebootInstances",
                "ec2:Release*",
                "ec2:ReportInstanceStatus",
                "ec2:Reset*",
                "ec2:RevokeSecurityGroup*",
                "ec2:Run*",
                "ec2:StartInstances",
                "ec2:StopInstances",
                "ec2:TerminateInstances",
                "ec2:UnassignPrivateIpAddresses",
                "ec2:UnmonitorInstances"
              ],
							"Effect": "Allow",
							"Resource": "*",
							"Condition": {
								"StringLike": {
									"ec2:ResourceTag/UAI": "UAI2001089"
								}
							}
						},
						{
							"Action": "cloudwatch:*",
							"Effect": "Allow",
							"Resource": "*"
						},
						{
							"Action": "events:*",
							"Effect": "Allow",
							"Resource": "arn:aws:ec2:*",
							"Condition": {
								"StringLike": {
									"events:TargetArn": "*ge_water_drupal*"
								}
							}
						},
						{
							"Effect": "Allow",
							"Action": [
								"s3:GetBucketLocation",
								"s3:ListAllMyBuckets"
							],
							"Resource": "arn:aws:s3:::*"
						},
						{
							"Sid": "AllowS3Listing",
							"Effect": "Allow",
							"Action": [
								"s3:ListBucket"
							],
							"Resource": [
								"arn:aws:s3:::pw-central-us1p",
								"arn:aws:s3:::st-pw-central-us1p"
							]
						},
						{
							"Action": [
								"s3:PutObject",
								"s3:GetObject",
								"s3:GetObjectVersion",
								"s3:DeleteObject",
								"s3:DeleteObjectVersion"
							],
							"Effect": "Allow",
							"Resource": [
								"arn:aws:s3:::pw-central-us1p/water/drupal/*",
								"arn:aws:s3:::st-pw-central-us1p/water/drupal/*"
							]
						},
						{
							"Sid": "AllowLambdaWithName",
							"Action": [
								"lambda:AddPermission",
								"lambda:CreateAlias",
								"lambda:DeleteAlias",
								"lambda:DeleteFunction",
								"lambda:GetAlias",
								"lambda:GetFunction",
								"lambda:GetFunctionConfiguration",
								"lambda:GetPolicy",
								"lambda:Invoke",
								"lambda:ListAliases",
								"lambda:ListVersionsByFunction",
								"lambda:PublishVersion",
								"lambda:RemovePermission",
								"lambda:UpdateAlias",
								"lambda:UpdateFunctionCode",
								"lambda:UpdateFunctionConfiguration"
							],
							"Effect": "Allow",
							"Resource": {"Fn::Join": ["",["arn:aws:lambda:",{"Ref": "AWS::Region"},":",{"Ref":"AWS::AccountId"},":function:",{"Ref": "UAI"},"/*"]]}
						},
						{
							"Sid": "AllowLambdaGeneral",
							"Action": [
								"lambda:CreateFunction",
								"lambda:ListFunctions",
								"lambda:GetAccountSettings"
							],
							"Effect": "Allow",
							"Resource": "*"
						},
						{
							"Sid": "AllowPassRoleLambda",
							"Effect": "Allow",
							"Action": "iam:PassRole",
							"Resource": { "Fn::Join": ["",["arn:aws:iam::",{"Ref":"AWS::AccountId"},":role/app/wtr-dp/",{"Ref": "UAI"},"/",{"Ref":"VEnvName"},"/","drupal-",{"Ref":"VEnvName"},"-lambda"]]}
						}
					]
				}
			}
		}
	}
}
