{
	"AWSTemplateFormatVersion": "2010-09-09",
	"Parameters": {
		"App": {
			"Type": "String",
			"Description": "Name of the application"
		},
		"Environment": {
			"Type": "String",
			"AllowedValues": ["dev", "qa", "stg", "prd"]
		},
		"UAI": {
			"Type": "String",
			"Description": "Universal Application Identifier. Found at https://applications.ge.com"
		},
		"VBusiness": {
			"Type": "String",
			"Description": "Identify the business, this will be used just under the root of the S3 bucket"
		}
	},
	"Resources": {
		"Role": {
			"Type": "AWS::IAM::Role",
			"Properties": {
				"AssumeRolePolicyDocument": {
					"Version": "2012-10-17",
					"Statement": [{
						"Effect": "Allow",
						"Action": "sts:AssumeRoleWithSAML",
						"Principal": {
							"Federated": {"Fn::Join": [":", ["arn:aws:iam:", { "Ref": "AWS::AccountId" },"saml-provider/ge-saml-for-aws"]]}
						},
						"Condition": {
							"StringEquals": {
								"SAML:aud": "https://signin.aws.amazon.com/saml"
							}
						}
					}]
				},
				"ManagedPolicyArns": [
					{ "Fn::Join": [":", ["arn:aws:iam:", { "Ref": "AWS::AccountId" }, "policy/cs/awsiam-sauce" ] ] },
					{ "Fn::Join": [":", ["arn:aws:iam:", { "Ref": "AWS::AccountId" }, "policy/cs/awsiam-sauce-the-sequel" ] ] },
					{ "Fn::Join": [":", ["arn:aws:iam:", { "Ref": "AWS::AccountId" }, "policy/hq/iam-policy-bu-pw-ReadOnly-Access-MBYWIZ4U47UY" ] ] }
				],
				"Path": "/wtr-dp/",
				"RoleName": { "Fn::Join": ["-", [{ "Ref": "App" }, { "Ref": "Environment" }, "fed"]] }
			}
		},
		"RolePolicies": {
			"Type": "AWS::IAM::Policy",
			"Properties": {
				"PolicyName": { "Fn::Join": ["-", [{ "Ref": "App" }, { "Ref": "Environment" }, "fed-policy"]] },
				"Roles": [{ "Ref": "Role" }],
				"PolicyDocument": {
					"Version": "2012-10-17",
					"Statement": [{
							"Sid": "FullRDSAccessWithFilterDatabaseName",
							"Action": "rds:*",
							"Effect": "Allow",
							"Resource": "*",
							"Condition": {
								"StringLike": {
									"rds:db-tag/UAI": { "Ref": "UAI" }
								}
							}
						},
						{
							"Sid": "FullEC2AccessWithFilterOnAssetidTag",
							"Action": "ec2:*",
							"Effect": "Allow",
							"Resource": "*",
							"Condition": {
								"StringLike": {
									"ec2:ResourceTag/UAI": { "Ref": "UAI" }
								}
							}
						},
						{
							"Action": "cloudwatch:*",
							"Effect": "Allow",
							"Resource": "*"
						},
						{
							"Action": "events:*",
							"Effect": "Allow",
							"Resource": "arn:aws:ec2:*",
							"Condition": {
								"StringLike": {
									"events:TargetArn": "*ge_water_drupal*"
								}
							}
						},
						{
							"Effect": "Allow",
							"Action": [
								"s3:GetBucketLocation",
								"s3:ListAllMyBuckets"
							],
							"Resource": "arn:aws:s3:::*"
						},
						{
							"Sid": "AllowS3Listing",
							"Action": [
								"s3:ListBucket"
							],
							"Effect": "Allow",
							"Resource": [
								"arn:aws:s3:::st-pw-central-us1p",
								"arn:aws:s3:::dev-pw-central"
							],
							"Condition": {
								"StringLike": {
									"s3:prefix": "/water/drupal/*"
								}
							}
						},
						{
							"Sid": "AllowS3RW",
							"Action": [
								"s3:DeleteObject",
								"s3:PutObject",
								"s3:GetObject"
							],
							"Effect": "Allow",
							"Resource": [
								"arn:aws:s3:::st-pw-central-us1p:/water/drupal/*",
								"arn:aws:s3:::dev-pw-central/water/drupal/*"
							]
						},
						{
							"Sid": "AllowLambdaWithName",
							"Action": [
								"lambda:AddPermission",
								"lambda:CreateAlias",
								"lambda:DeleteAlias",
								"lambda:DeleteFunction",
								"lambda:GetAlias",
								"lambda:GetFunction",
								"lambda:GetFunctionConfiguration",
								"lambda:GetPolicy",
								"lambda:Invoke",
								"lambda:ListAliases",
								"lambda:ListVersionsByFunction",
								"lambda:PublishVersion",
								"lambda:RemovePermission",
								"lambda:UpdateAlias",
								"lambda:UpdateFunctionCode",
								"lambda:UpdateFunctionConfiguration"
							],
							"Effect": "Allow",
							"Resource": {"Fn::Join": ["",["arn:aws:lambda:",{"Ref": "AWS::Region"},":",{"Ref":"AWS::AccountId"},":function:",{"Ref": "UAI"},"/*"]]}
						},
						{
							"Sid": "AllowLambdaGeneral",
							"Action": [
								"lambda:CreateFunction",
								"lambda:ListFunctions"
							],
							"Effect": "Allow",
							"Resource": "*"
						},
						{
							"Sid": "AllowPassRoleLambda",
							"Effect": "Allow",
							"Action": "iam:PassRole",
							"Resource": "arn:aws:iam::930136447543:role/app/wtr-dp/UAI2001089/dev/drupal-dev-lambda"
						}
					]
				}
			}
		}
	}
}
