{
	"AWSTemplateFormatVersion": "2010-09-09",
	"Parameters": {
		"VAppName": {
			"Type": "String",
			"Description": "Application name."
		},
		"VEnvName": {
			"Type": "String",
			"Description": "Environment name, this should be set to stg or prd."
		},
		"UAI": {
			"Type": "String",
			"Description": "Universal Application Identifier. Found at https://applications.ge.com"
		}
	},
	"Resources": {
		"Role": {
			"Type": "AWS::IAM::Role",
			"Properties": {
				"AssumeRolePolicyDocument": {
					"Version": "2012-10-17",
					"Statement": [{
						"Effect": "Allow",
						"Action": "sts:AssumeRoleWithSAML",
						"Principal": {
							"Federated": {"Fn::Join": [":", ["arn:aws:iam:", { "Ref": "AWS::AccountId" },"saml-provider/ge-saml-for-aws"]]}
						},
						"Condition": {
							"StringEquals": {
								"SAML:aud": "https://signin.aws.amazon.com/saml"
							}
						}
					}]
				},
				"ManagedPolicyArns": [
					{ "Fn::Join": [":", ["arn:aws:iam:", { "Ref": "AWS::AccountId" }, "policy/cs/awsiam-sauce" ] ] },
					{ "Fn::Join": [":", ["arn:aws:iam:", { "Ref": "AWS::AccountId" }, "policy/cs/awsiam-sauce-the-sequel" ] ] }
				],
				"Path": "/wtr/",
				"RoleName": { "Fn::Join": ["-", [{ "Ref": "VAppName" }, { "Ref": "VEnvName" }, "fed"]] }
			}
		},
		"RolePolicies": {
			"Type": "AWS::IAM::Policy",
			"Properties": {
				"PolicyName": { "Fn::Join": ["-", [{ "Ref": "VAppName" }, { "Ref": "VEnvName" }, "fed-policy"]] },
				"Roles": [{ "Fn::Join": ["-", [{ "Ref": "VAppName" }, { "Ref": "VEnvName" }, "fed"]] }],
				"PolicyDocument": {
					"Version": "2012-10-17",
					"Statement": [
						{
						  "Sid": "ReadOnlyAccess",
						  "Action": [
								"autoscaling:Describe*",
								"elasticloadbalancing:Describe*",
								"cloudformation:DescribeStacks",
								"cloudformation:DescribeStackEvents",
								"cloudformation:DescribeStackResource",
								"cloudformation:DescribeStackResources",
								"cloudformation:GetTemplate",
								"cloudformation:List*",
								"cloudfront:Get*",
								"cloudfront:List*",
								
								"cloudfront:CreateInvalidation",
								"elasticloadbalancing:DescribeLoadBalancers",
								"iam:ListServerCertificates",
								
								"cloudtrail:DescribeTrails",
								"cloudtrail:GetTrailStatus",
								"cloudwatch:Describe*",
								"cloudwatch:Get*",
								"cloudwatch:List*",
								"cloudwatch:Set*",
								"cloudwatch:Put*",
								"cloudwatch:Disable*",
								"cloudwatch:Enable*",
								"ec2:Describe*",
								"iam:List*",
								"iam:Get*",
								"redshift:Describe*",
								"redshift:ViewQueriesInConsole",
								"rds:Describe*",
								"rds:ListTagsForResource",
								"s3:List*"
							],
							"Effect": "Allow",
							"Resource": "*"
						},
						
						{
							"Effect": "Allow",
							"Action": [
								"s3:GetBucketLocation",
								"s3:ListAllMyBuckets"
							],
							"Resource": "arn:aws:s3:::*"
						},
						{
							"Sid": "AllowS3Listing",
							"Effect": "Allow",
							"Action": [
								"s3:ListBucket"
							],
							"Resource": [
								"arn:aws:s3:::st-pw-microsites-us3p",
								"arn:aws:s3:::pw-microsites-us3p"
							]
						},
						{
							"Action": [
								"s3:PutObject",
								"s3:GetObject",
								"s3:GetObjectVersion",
								"s3:DeleteObject",
								"s3:DeleteObjectVersion",
								"s3:GetObjectAcl",
								"s3:PutObjectAcl"
							],
							"Effect": "Allow",
							"Resource": [
								"arn:aws:s3:::st-pw-microsites-us3p/water/images-estore.gewater.com/*",
								"arn:aws:s3:::pw-microsites-us3p/water/images-estore.gewater.com/*"
							]
						}
					]
				}
			}
		}
	}
}
