{
	"AWSTemplateFormatVersion": "2010-09-09",
	"Description": "Cloud Architecture Role for SAs",
	
	"Parameters": {
		"RoleName":{
			"Type": "String",
			"Description": "Name of the admin Role (not defined in this template)"
		},
		"RolePath":{
			"Type": "String",
			"Description": "Path for the role"
		}
	},

	"Mappings": {
		"ActMap": {
			"322870840626": {
				"dbaMainBucket": "prd-pw-central-eu1p",
				"dbaFullAccessKey": "/pw-hq/dba/*"
			},
			"951854665038": {
				"dbaMainBucket": "pw-central-eu1n",
				"dbaFullAccessKey": "/pw-hq/dba/*"
			},
			"930136447543": {
				"dbaMainBucket": "gepw-dba-maintenance-prod-nec",
				"dbaFullAccessKey": "/*"
			},
			"988201728534": {
				"dbaMainBucket": "pw-central-us1p",
				"dbaFullAccessKey": "/pw-hq/dba/*"
			},
			"510369821637": {
				"dbaMainBucket": "pw-central-us3p",
				"dbaFullAccessKey": "/pw-hq/dba/*"
			},
			"564772463473": {
				"dbaMainBucket": "dev-pw-central-us4n",
				"dbaFullAccessKey": "/pw-hq/dba/*"
			},
			"753920291680": { 
				"dbaMainBucket": "",
				"dbaFullAccessKey": ""
			},
			"821735935111": {
				"dbaMainBucket": "pwr-primavera-us2p",
				"dbaFullAccessKey": "/GenericStore/*"
			}
		}
	},

	"Conditions": {
		"AttachS3Policy": {
			"Fn::Not": [{
				"Fn::Equals": [{ "Fn::FindInMap": ["ActMap", { "Ref": "AWS::AccountId" }, "dbaMainBucket"] }, ""]
			}]
		}
	},

	"Resources": {

		"cldDBARole": {
			"Type": "AWS::IAM::Role",
			"Properties": {
				"RoleName": { "Ref": "RoleName" },
				"Path": { "Ref": "RolePath" },
				"AssumeRolePolicyDocument": {
					"Version": "2012-10-17",
					"Statement": [{
						"Sid": "",
						"Effect": "Allow",
						"Principal": {
							"Federated": {"Fn::Join": [":", ["arn:aws:iam:", {"Ref": "AWS::AccountId"}, "saml-provider/ge-saml-for-aws"]]}
						},
						"Action": "sts:AssumeRoleWithSAML",
						"Condition": {
							"StringEquals": {
								"SAML:aud": "https://signin.aws.amazon.com/saml"
							}
						}
					}]
				},
				"ManagedPolicyArns": [
					{"Fn::Join": [":", ["arn:aws:iam:", {"Ref": "AWS::AccountId"}, "policy/cs/awsiam-sauce"]]}, 
					{"Fn::Join": [":", ["arn:aws:iam:", {"Ref": "AWS::AccountId"}, "policy/cs/awsiam-sauce-the-sequel"]]}
				]
			}
		},


		"clddbareadonly": {
			"Type": "AWS::IAM::ManagedPolicy",
			"Properties": {
				"Description": "cldDBA Managed Policy for Read-Only permissions",
				"Roles": [
					{ "Ref": "cldDBARole" }
				],
				"PolicyDocument": {
					"Version": "2012-10-17",
					"Statement": [
						{
							"Sid": "ReadControls",
							"Effect": "Allow",
							"Resource": "*",
							"Action": [
								"autoscaling:Describe*",
								"cloudformation:Get*",
								"cloudformation:Describe*",
								"cloudformation:List*",
								"cloudtrail:Describe*",
								"cloudtrail:GetTrailStatus",
								"cloudwatch:Describe*",
								"cloudwatch:Get*",
								"cloudwatch:List*",
								"config:Deliver*",
								"config:Describe*",
								"config:Get*",
								"directconnect:Describe*",
								"ds:Check*",
								"ds:Describe*",
								"ds:Get*",
								"ds:List*",
								"ds:Verify*",
								"dynamodb:ListTables",
								"ec2:Describe*",
								"ec2:GetConsoleOutput",
								"ecs:Describe*",
								"ecs:List*",
								"elasticache:Describe*",
								"elasticache:List*",
								"elasticbeanstalk:Check*",
								"elasticbeanstalk:Describe*",
								"elasticbeanstalk:List*",
								"elasticbeanstalk:RequestEnvironmentInfo",
								"elasticbeanstalk:RetrieveEnvironmentInfo",
								"elasticloadbalancing:Describe*",
								"elasticmapreduce:Describe*",
								"elasticmapreduce:List*",
								"es:DescribeElasticsearchDomain",
								"es:DescribeElasticsearchDomains",
								"es:DescribeElasticsearchDomainConfig",
								"es:ListDomainNames",
								"es:ListTags",
								"es:ESHttpGet",
								"es:ESHttpHead",
								"firehose:Describe*",
								"firehose:List*",
								"iam:GenerateCredentialReport",
								"iam:Get*",
								"iam:List*",
								"kinesis:Describe*",
								"kinesis:Get*",
								"kinesis:List*",
								"kms:Describe*",
								"kms:Get*",
								"kms:List*",
								"lambda:List*",
								"lambda:Get*",
								"logs:Describe*",
								"logs:Get*",
								"logs:TestMetricFilter",
								"logs:FilterLogEvents",
								"machinelearning:Describe*",
								"machinelearning:Get*",
								"rds:Describe*",
								"rds:ListTagsForResource",
								"redshift:Describe*",
								"redshift:ViewQueriesInConsole",
								"swf:Count*",
								"swf:Describe*",
								"swf:Get*",
								"swf:List*",
								"tag:Get*"
							]
						}
					]
				}
			}
		},

		"clddbapolicy": {
			"Type": "AWS::IAM::Policy",
			"Properties": {
				"PolicyName": {"Fn::Join": ["-", [{ "Ref": "RoleName" },"policy"]]},
				"Roles": [
					{ "Ref": "cldDBARole" }
				],
				"PolicyDocument": {
					"Version": "2012-10-17",
					"Statement": [{
							"Sid": "AllowSupportServices",
							"Effect": "Allow",
							"Resource": "*",
							"Action": [
								"support:*",
								"trustedadvisor:*",
								"cloudwatch:*"
							]
						},
						{
							"Sid": "PassRole",
							"Effect": "Allow",
							"Resource": {
								"Fn::Join": ["", ["arn:aws:iam::", {
									"Ref": "AWS::AccountId"
								}, ":role/pw-hq/UAI2000020/mssqlbkp-app"]]
							},
							"Action": [
								"iam:PassRole"
							]
						},
						{
							"Sid": "ActionsForEc2Operations",
							"Effect": "Allow",
							"Resource": "*",
							"Action": [
								"ec2:ReportInstanceStatus"
							]
						},
						{
							"Sid": "DatabaseCloudAdminPolicy",
							"Effect": "Allow",
							"Resource": "*",
							"Action": [
								"dynamodb:CreateTable",
								"dynamodb:DeleteTable",
								"dynamodb:DescribeLimits",
								"dynamodb:ListTables",
								"dynamodb:UpdateTable",
								"rds:AddSourceIdentifierToSubscription",
								"rds:AddTagsToResource",
								"rds:ApplyPendingMaintenanceAction",
								"rds:AuthorizeDBSecurityGroupIngress",
								"rds:CopyDBClusterSnapshot",
								"rds:CopyDBParameterGroup",
								"rds:CopyDBSnapshot",
								"rds:CopyOptionGroup",
								"rds:CreateDBClusterParameterGroup",
								"rds:CreateDBClusterSnapshot",
								"rds:CreateDBInstanceReadReplica",
								"rds:CreateDBSecurityGroup",
								"rds:CreateDBSnapshot",
								"rds:CreateDBSubnetGroup",
								"rds:CreateEventSubscription",
								"rds:CreateOptionGroup",
								"rds:CreateDBParameterGroup",
								"rds:CreateOptionGroup",
								"rds:DeleteDBInstance",
								"rds:DeleteDBClusterParameterGroup",
								"rds:DeleteDBClusterSnapshot",
								"rds:DeleteDBParameterGroup",
								"rds:DeleteDBSecurityGroup",
								"rds:DeleteDBSnapshot",
								"rds:DeleteDBSubnetGroup",
								"rds:DeleteEventSubscription",
								"rds:DeleteOptionGroup",
								"rds:Describe*",
								"rds:DownloadDBLogFilePortion",
								"rds:FailoverDBCluster",
								"rds:ListTagsForResource",
								"rds:ModifyDBClusterParameterGroup",
								"rds:ModifyDBInstance",
								"rds:ModifyDBParameterGroup",
								"rds:ModifyDBSubnetGroup",
								"rds:ModifyEventSubscription",
								"rds:ModifyOptionGroup",
								"rds:PromoteReadReplica",
								"rds:RebootDBInstance",
								"rds:RemoveSourceIdentifierFromSubscription",
								"rds:ResetDBClusterParameterGroup",
								"rds:ResetDBParameterGroup",
								"redshift:AuthorizeSnapshotAccess",
								"redshift:CopyClusterSnapshot",
								"redshift:CancelQuerySession",
								"redshift:CreateCluster",
								"redshift:CreateClusterParameterGroup",
								"redshift:CreateClusterSecurityGroup",
								"redshift:CreateClusterSnapshot",
								"redshift:CreateClusterSubnetGroup",
								"redshift:CreateEventSubscription",
								"redshift:CreateSnapshotCopyGrant",
								"redshift:CreateTags",
								"redshift:DeleteCluster",
								"redshift:DeleteClusterParameterGroup",
								"redshift:DeleteClusterSecurityGroup",
								"redshift:DeleteClusterSnapshot",
								"redshift:DeleteClusterSubnetGroup",
								"redshift:DeleteEventSubscription",
								"redshift:DeleteSnapshotCopyGrant",
								"redshift:DeleteTags",
								"redshift:Describe*",
								"redshift:DisableLogging",
								"redshift:EnableLogging",
								"redshift:EnableSnapshotCopy",
								"redshift:ModifyCluster",
								"redshift:ModifyClusterParameterGroup",
								"redshift:ModifyClusterSubnetGroup",
								"redshift:ModifyEventSubscription",
								"redshift:ModifySnapshotCopyRetentionPeriod",
								"redshift:RebootCluster",
								"redshift:ResetClusterParameterGroup",
								"redshift:RestoreFromClusterSnapshot",
								"redshift:RevokeClusterSecurityGroupIngress",
								"redshift:RevokeSnapshotAccess"

							]
						}
					]
				}
			}
		},

		"dbas3RolePolicies": {
			"Type": "AWS::IAM::Policy",
			"Condition": "AttachS3Policy",
			"Properties": {
				"PolicyName": {"Fn::Join": ["-", [{ "Ref": "RoleName" },"s3","policy"]]},
				"Roles": [
					{ "Ref": "cldDBARole" }
				],
				"PolicyDocument": {
					"Version": "2012-10-17",
					"Statement": [{
							"Sid": "GeneralS3Access",
							"Action": [
								"s3:GetBucketLocation",
								"s3:ListAllMyBuckets"
							],
							"Resource": "arn:aws:s3:::*",
							"Effect": "Allow"
						},
						{
							"Sid": "ListMainBucket",
							"Action": [
								"s3:ListBucket"
							],
							"Resource": [{
								"Fn::Join": ["", [
									"arn:aws:s3:::",
									{ "Fn::FindInMap": ["ActMap", { "Ref": "AWS::AccountId" }, "dbaMainBucket"] }
								]]
							}],
							"Effect": "Allow"
						},
						{
							"Sid": "FullAccessForDBA",
							"Action": [
								"s3:GetObject",
								"s3:DeleteObject",
								"s3:PutObject"

							],
							"Resource": [{
								"Fn::Join": ["", [
									"arn:aws:s3:::",
									{ "Fn::FindInMap": ["ActMap", { "Ref": "AWS::AccountId" }, "dbaMainBucket"] },
									{ "Fn::FindInMap": ["ActMap", { "Ref": "AWS::AccountId" }, "dbaFullAccessKey"] }
								]]
							}],
							"Effect": "Allow"
						}
					]
				}
			}
		},

		"dbakmsaccess": {
			"Type": "AWS::IAM::Policy",
			"Properties": {
				"PolicyName": {"Fn::Join": ["-", [{ "Ref": "RoleName" },"kms","policy"]]},
				"Roles": [
					{ "Ref": "cldDBARole" }
				],
				"PolicyDocument": {
					"Version": "2012-10-17",
					"Statement": [
						{
							"Sid": "KMSAccess",
							"Effect": "Allow",
							"Resource": "*",
							"Action": [
								"kms:Encrypt",
								"kms:Decrypt",
								"kms:ReEncrypt*",
								"kms:GenerateDataKey*",
								"kms:Describe*",
								"kms:Get*",
								"kms:List*",
								"kms:CreateGrant"
							]
						}
					]
				}
			}
		}
	}
}