{
    "AWSTemplateFormatVersion": "2010-09-09",
    "Description": "Management Role used by CloudOps",
    
    "Parameters": {
        "RoleName":{
            "Type": "String",
            "Description": "Name of the admin Role (not defined in this template)"
        },
        "RolePath":{
            "Type": "String",
            "Description": "Path for the role"
        }
    },

    "Resources": {
        "CldMgmtRole": {
            "Type": "AWS::IAM::Role",
            "Properties": {
                "RoleName": { "Ref": "RoleName" },
                "Path": { "Ref": "RolePath" },
                "AssumeRolePolicyDocument": {
                    "Version": "2012-10-17",
                    "Statement": [{
                        "Sid": "",
                        "Effect": "Allow",
                        "Principal": {
                            "Federated": {
                                "Fn::Join": [":", ["arn:aws:iam:", {
                                    "Ref": "AWS::AccountId"
                                }, "saml-provider/ge-saml-for-aws"]]
                            }
                        },
                        "Action": "sts:AssumeRoleWithSAML",
                        "Condition": {
                            "StringEquals": {
                                "SAML:aud": "https://signin.aws.amazon.com/saml"
                            }
                        }
                    }]
                },
                "ManagedPolicyArns": [{
                    "Fn::Join": [":", ["arn:aws:iam:", {
                        "Ref": "AWS::AccountId"
                    }, "policy/cs/awsiam-sauce"]]
                }, {
                    "Fn::Join": [":", ["arn:aws:iam:", {
                        "Ref": "AWS::AccountId"
                    }, "policy/cs/awsiam-sauce-the-sequel"]]
                }]
            }
        },
        "RolePolicies": {
            "Type": "AWS::IAM::Policy",
            "Properties": {
                "PolicyName": {"Fn::Join": ["-", [{ "Ref": "RoleName" },"policy"]]},
                "Roles": [{ "Ref": "CldMgmtRole" }],
                "PolicyDocument": {
                    "Version": "2012-10-17",
                    "Statement": [{
                        "Action": [
                            "iam:PassRole"
                        ],
                        "Resource": {
                            "Fn::Join": [":", ["arn:aws:iam:", {
                                "Ref": "AWS::AccountId"
                            }, "role/app/*"]]
                        },
                        "Effect": "Allow",
                        "Sid": "PassRole"
                    }, {
                        "Action": [
                            "ec2:*",
                            "ec2-reports:*",
                            "apigateway:*",
                            "iam:*",
                            "cloudwatch:*",
                            "autoscaling:*",
                            "sdb:*",
                            "elasticache:*",
                            "s3:*",
                            "glacier:*",
                            "dynamodb:*",
                            "swf:*",
                            "sqs:*",
                            "sns:*",
                            "datapipeline:*",
                            "elasticbeanstalk:*",
                            "config:*",
                            "tag:*",
                            "cloudformation:*",
                            "rds:*",
                            "redshift:*",
                            "kms:*",
                            "lambda:*",
                            "logs:*",
                            "elasticloadbalancing:*",
                            "ecs:*",
                            "codedeploy:*",
                            "machinelearning:*",
                            "elasticmapreduce:*",
                            "support:*",
                            "trustedadvisor:*",
                            "cloudfront:*",
                            "waf:*",
                            "cloudtrail:*",
                            "events:*",
                            "inspector:*",
                            "aws-marketplace:*",
                            "sts:DecodeAuthorizationMessage",
                            "application-autoscaling:*",
                            "snowball:*"
                        ],
                        "Resource": "*",
                        "Effect": "Allow"
                    },
                    {
                        "Sid": "ReadOnly",
                        "Effect": "Allow",
                        "Action": [
                            "catalog-user:*",
                            "servicecatalog:Describe*",
                            "servicecatalog:List*",
                            "servicecatalog:Scan*",
                            "servicecatalog:SearchProducts"
                        ],
                        "Resource": "*"
                    },
                    {
                        "Sid": "ServiceCatalog",
                        "Effect": "Allow",
                        "Action": [
                            "servicecatalog:ProvisionProduct"
                        ],
                        "Resource": "*"
                    },
                    {
                        "Sid": "UserLevelSelf",
                        "Effect": "Allow",
                        "Action": [
                            "servicecatalog:DescribeRecord",
                            "servicecatalog:ListRecordHistory",
                            "servicecatalog:ScanProvisionedProducts",
                            "servicecatalog:TerminateProvisionedProduct",
                            "servicecatalog:UpdateProvisionedProduct"
                        ],
                        "Resource": "*",
                        "Condition": {
                            "StringEquals": {
                                "servicecatalog:accountLevel": "self"
                            }
                        }
                    },
                    {
                        "Sid": "IAMActionsForCerts",
                        "Effect": "Allow",
                        "Resource": { "Fn::Join": [":", ["arn:aws:iam:", { "Ref": "AWS::AccountId" }, "server-certificate/*"]] },
                        "Action": [
                            "iam:UpdateServerCertificate",
                            "iam:UploadServerCertificate",
                            "iam:GetServerCertificate",
                            "iam:ListServerCertificates"
                        ]
                    },
                    { 
                        "Sid": "EFSActions",
                        "Effect": "Allow",
                        "Resource": "*",
                        "Action": [
                            "elasticfilesystem:CreateFileSystem",
                            "elasticfilesystem:CreateMountTarget",
                            "elasticfilesystem:CreateTags",
                            "elasticfilesystem:DeleteFileSystem",
                            "elasticfilesystem:DeleteMountTarget",
                            "elasticfilesystem:DeleteTags",
                            "elasticfilesystem:DescribeFileSystems",
                            "elasticfilesystem:DescribeMountTargetSecurityGroups",
                            "elasticfilesystem:DescribeMountTargets",
                            "elasticfilesystem:DescribeTags",
                            "elasticfilesystem:ModifyMountTargetSecurityGroups"
                            ]
                         }
                        ]
                }
             }  
            }
        }
    }

