{
   "AWSTemplateFormatVersion": "2010-09-09",

   "Parameters": {
 		"RoleName": {
 			"Type": "String",
 			"Description": "Name of the admin Role (not defined in this template)"
 		},
 		"RolePath": {
 			"Type": "String",
 			"Description": "Path for the role"
 		},
    "ReadOnlyPolicy": {
 			"Type": "String",
 			"Description": "The readonly policy to use"
 		}
 	},

  "Resources": {

    "CldAutoRole": {
			"Type": "AWS::IAM::Role",
			"Properties": {
				"RoleName": { "Ref": "RoleName" },
				"Path": { "Ref": "RolePath" },
				"AssumeRolePolicyDocument": {
					"Version": "2012-10-17",
					"Statement": [{
						"Sid": "",
						"Effect": "Allow",
						"Principal": {
							"Federated": {
								"Fn::Join": [":", ["arn:aws:iam:", {
									"Ref": "AWS::AccountId"
								}, "saml-provider/ge-saml-for-aws"]]
							}
						},
						"Action": "sts:AssumeRoleWithSAML",
						"Condition": {
							"StringEquals": {
								"SAML:aud": "https://signin.aws.amazon.com/saml"
							}
						}
					}]
				},
				"ManagedPolicyArns": [
          {"Fn::Join": [":", ["arn:aws:iam:", {"Ref": "AWS::AccountId"}, "policy/cs/awsiam-sauce"]]},
          {"Fn::Join": [":", ["arn:aws:iam:", {"Ref": "AWS::AccountId"}, "policy/cs/awsiam-sauce-the-sequel"]]},
          {"Fn::Join": ["", ["arn:aws:iam::", {"Ref": "AWS::AccountId"}, ":policy", {"Ref" : "ReadOnlyPolicy"}]]}
        ]
			}
		},

      "RolePolicies": {
         "Type": "AWS::IAM::Policy",
         "Properties": {
            "PolicyName": { "Fn::Join" : ["-", [{ "Fn::FindInMap" : [ "ActMap", { "Ref" : "AWS::AccountId" }, "Name"]}, "policy"]]},
            "Roles" : [
                {"Ref" : "CldAutoRole"}
            ],
            "PolicyDocument": {
                "Version": "2012-10-17",
                "Statement": [
                    {
                        "Sid": "AppServicesCloudAdminPolicy",
                        "Effect": "Allow",
                        "Resource": "*",
                        "Action": [
                            "sns:*",
                            "sqs:*",
                            "lambda:*",
                            "states:*",
                            "swf:*",
                            "cloudfront:*",
                            "logs:GetLogEvents",
                            "logs:Describe*",
                            "events:*",
                            "support:*",
                            "trustedadvisor:*",
                            "cloudwatch:PutMetricAlarm"
                        ]
                    },

                    {
                      "Sid": "AllowSTSAction",
                      "Action": [
                        "sts:DecodeAuthorizationMessage"
                      ],
                      "Effect": "Allow",
                      "Resource": "*"
                    },

                    {
                        "Sid": "AllowOpsWorksActions",
                        "Action": [
                            "opsworks-cm:*",
                            "opsworks:*"
                        ],
                        "Effect": "Allow",
                        "Resource": "*"
                    },
                      {
                        "Sid": "AllowECSClusterCreate",
                        "Effect": "Allow",
                        "Action": [
                            "ecs:CreateCluster",
                            "ecs:RegisterTaskDefinition",
                            "ecs:UpdateService",
                            "ecs:CreateService",
                            "ecs:DeleteService",
                            "ecs:DescribeServices",
                            "ecs:DescribeTaskDefinition",
                            "ecs:ListClusters"
                        ],
                        "Resource": "*"
                    },

                    {
                        "Sid": "AllowECSAccess",
                        "Effect": "Allow",
                        "Action": [
                            "ecs:DeleteCluster",
                            "ecs:DescribeClusters",
                            "ecs:DescribeContainerInstances",
                            "ecs:DescribeTasks",
                            "ecs:ListContainerInstances",
                            "ecs:RegisterContainerInstance",
                            "ecs:RunTask",
                            "ecs:StartTask",
                            "ecs:StopTask"
                        ],
                        "Resource": [{ "Fn::Join": [":", ["arn:aws:ecs", { "Ref": "AWS::Region" }, { "Ref": "AWS::AccountId" }, "cluster/*"]] },
                                     { "Fn::Join": [":", ["arn:aws:ecs", { "Ref": "AWS::Region" }, { "Ref": "AWS::AccountId" }, "container-instance/*"]] },
                                     { "Fn::Join": [":", ["arn:aws:ecs", { "Ref": "AWS::Region" }, { "Ref": "AWS::AccountId" }, "task-definition/*"]] },
                                     { "Fn::Join": [":", ["arn:aws:ecs", { "Ref": "AWS::Region" }, { "Ref": "AWS::AccountId" }, "service/*"]] },
                                     { "Fn::Join": [":", ["arn:aws:ecs", { "Ref": "AWS::Region" }, { "Ref": "AWS::AccountId" }, "task/*"]] },
                                     { "Fn::Join": [":", ["arn:aws:ecs", { "Ref": "AWS::Region" }, { "Ref": "AWS::AccountId" }, "container/*"]] }]
                    },

                    {
                        "Sid": "AllowSSMActions",
                        "Action": [
                          "ssm:SendCommand"
                        ],
                        "Effect": "Allow",
                        "Resource": "*"
                    },

                    {
                        "Sid": "AllowECRResourceAccess",
                        "Action": [
                            "ecr:BatchGetImage",
                            "ecr:DeleteRepository",
                            "ecr:DescribeRepositories",
                            "ecr:GetRepositoryPolicy",
                            "ecr:ListImages",
                            "ecr:PutImage",
                            "ecr:SetRepositoryPolicy",
                            "ecr:GetAuthorizationToken",
                            "ecr:InitiateLayerUpload",
                            "ecr:UploadLayerPart",
                            "ecr:CompleteLayerUpload",
                            "ecr:BatchCheckLayerAvailability",
                            "ecr:PutImage"
                        ],
                        "Effect": "Allow",
                        "Resource": { "Fn::Join": [":", ["arn:aws:ecr", { "Ref": "AWS::Region" }, { "Ref": "AWS::AccountId" }, "repository/*"]] }
                    },

                    {
                        "Sid": "AllowECRAccess",
                        "Action": [
                          "ecr:CreateRepository",
                          "ecr:GetAuthorizationToken"
                        ],
                        "Effect": "Allow",
                        "Resource": "*"
                    },

                    {
                        "Sid": "ActionsForEc2Operations",
                        "Effect": "Allow",
                        "Resource": "*",
                        "Action": [
                            "ec2:Describe*",
                            "ec2:MonitorInstances",
                            "ec2:ReportInstanceStatus",
                            "ec2:UnmonitorInstances",
                            "ec2:CopySnapShot",
                            "ec2:CreateSnapShot",
                            "ec2:AttachVolume",
                            "ec2:DetachVolume",
                            "ec2:StopInstances",
                            "ec2:StartInstances",
                            "ec2:AssociateIamInstanceProfile"
                        ]
                    },
                    {
                        "Sid": "ActionsForEc2Administration",
                        "Effect": "Allow",
                        "Resource": "*",
                        "Action": [
                            "ec2:RunInstances",
                            "ec2:CreateVolume",
                            "ec2:DeleteSnapShot",
                            "ec2:DeleteVolume",
                            "ec2:EnableVolumeIO",
                            "ec2:ModifySnapShotAttribute",
                            "ec2:ModifyVolumeAttribute",
                            "ec2:ResetSnapShotAttribute",
                            "ec2:AssignPrivateIpAddress",
                            "ec2:AttachNetworkInterface",
                            "ec2:CreateNetworkInterface",
                            "ec2:GetPasswordData",
                            "ec2:DeleteNetworkInterface",
                            "ec2:DetachNetworkInterface",
                            "ec2:ModifyNetworkInterfaceAttribute",
                            "ec2:UnassignPrivateIpAddress",
                            "ec2:ModifyInstanceAttribute",
                            "ec2:ResetInstanceAttribute",
                            "ec2:AuthorizeSecurityGroupEgress",
                            "ec2:AuthorizeSecurityGroupIngress",
                            "ec2:CreateSecurityGroup",
                            "ec2:DeleteSecurityGroup",
                            "ec2:RevokeSecurityGroupEgress",
                            "ec2:RevokeSecurityGroupIngress",
                            "ec2:CreateTags",
                            "ec2:DeleteTags",
                            "ec2:TerminateInstances"
                        ]
                    },
                    {
                        "Sid": "ActionsForAutoscalingOperations",
                        "Effect": "Allow",
                        "Resource": "*",
                        "Action": [
                            "autoscaling:AttachInstances",
                            "autoscaling:AttachInstances",
                            "autoscaling:AttachLoadBalancers",
                            "autoscaling:CompleteLifecycleAction",
                            "autoscaling:CreateAutoScalingGroup",
                            "autoscaling:CreateLaunchConfiguration",
                            "autoscaling:CreateOrUpdateTags",
                            "autoscaling:DeleteLifecycleHook",
                            "autoscaling:DetachInstances",
                            "autoscaling:DetachLoadBalancers",
                            "autoscaling:EnableMetricsCollection",
                            "autoscaling:ExecutePolicy",
                            "autoscaling:ExitStandby",
                            "autoscaling:PutLifecycleHook",
                            "autoscaling:PutNotificationConfiguration",
                            "autoscaling:PutScalingPolicy",
                            "autoscaling:PutScheduledUpdateGroupAction",
                            "autoscaling:PutScheduledUpdateGroupAction",
                            "autoscaling:ResumeProcesses",
                            "autoscaling:SetDesiredCapacity",
                            "autoscaling:SetInstanceHealth",
                            "autoscaling:SuspendProcesses",
                            "autoscaling:UpdateAutoScalingGroup",
                            "autoscaling:SetInstanceHealth",
                            "autoscaling:SetInstanceHealth"
                        ]
                    },
                    {
                        "Sid": "AllowCloudWatchAlarms",
                        "Action": [
                            "cloudwatch:DeleteAlarms",
                            "cloudwatch:DescribeAlarmHistory",
                            "cloudwatch:DescribeAlarms",
                            "cloudwatch:DisableAlarmActions",
                            "cloudwatch:EnableAlarmActions",
                            "cloudwatch:GetMetricData",
                            "cloudwatch:ListMetrics",
                            "cloudwatch:PutMetricAlarm",
                            "cloudwatch:PutMetricData",
                            "cloudwatch:SetAlarmState"
                        ],
                        "Effect": "Allow",
                        "Resource": "*"
                    },
                    {
                        "Sid": "ActionsForAutoScalingAdministration",
                        "Effect": "Allow",
                        "Resource": "*",
                        "Action": [
                            "autoscaling:DeleteAutoScalingGroup",
                            "autoscaling:DeleteLaunchConfiguration",
                            "autoscaling:DeleteNotificationConfiguration",
                            "autoscaling:DeletePolicy",
                            "autoscaling:DeleteScheduledAction",
                            "autoscaling:DeleteTags",
                            "autoscaling:DisableMetricsCollection",
                            "autoscaling:TerminateInstanceInAutoScalingGroup"
                        ]
                    },
                    {
                        "Sid": "StorageCloudAdminPolicy",
                        "Effect": "Allow",
                        "Resource": "*",
                        "Action": [
                            "s3:*",
                            "glacier:*"
                        ]
                    },
                    {
                        "Sid": "DatabaseCloudAdminPolicy",
                        "Effect": "Allow",
                        "Resource": "*",
                        "Action": [
                            "dynamodb:CreateTable",
                            "dynamodb:DeleteTable",
                            "dynamodb:DescribeLimits",
                            "dynamodb:ListTables",
                            "dynamodb:UpdateTable",
                            "rds:AddSourceIdentifierToSubscription",
                            "rds:AddTagsToResource",
                            "rds:AuthorizeDBSecurityGroupIngress",
                            "rds:CopyDBClusterSnapshot",
                            "rds:CopyDBParameterGroup",
                            "rds:CopyDBSnapshot",
                            "rds:CopyOptionGroup",
                            "rds:CreateDBInstance",
                            "rds:CreateDBClusterParameterGroup",
                            "rds:CreateDBClusterSnapshot",
                            "rds:CreateDBInstanceReadReplica",
                            "rds:CreateDBSecurityGroup",
                            "rds:CreateDBSnapshot",
                            "rds:CreateDBSubnetGroup",
                            "rds:CreateEventSubscription",
                            "rds:CreateOptionGroup",
                            "rds:CreateDBParameterGroup",
                            "rds:CreateOptionGroup",
                            "rds:DeleteDBInstance",
                            "rds:DeleteDBClusterParameterGroup",
                            "rds:DeleteDBClusterSnapshot",
                            "rds:DeleteDBParameterGroup",
                            "rds:DeleteDBSecurityGroup",
                            "rds:DeleteDBSnapshot",
                            "rds:DeleteDBSubnetGroup",
                            "rds:DeleteEventSubscription",
                            "rds:DeleteOptionGroup",
                            "rds:ListTagsForResource",
                            "rds:ModifyDBClusterParameterGroup",
                            "rds:ModifyDBInstance",
                            "rds:ModifyDBParameterGroup",
                            "rds:ModifyEventSubscription",
                            "rds:ModifyOptionGroup",
                            "rds:RemoveSourceIdentifierFromSubscription",
                            "rds:ResetDBClusterParameterGroup",
                            "rds:ResetDBParameterGroup"
                        ]
                    },
                    {
                        "Sid": "iamPolicy",
                        "Effect": "Allow",
                        "Resource": {"Fn::Join" : [":", ["arn:aws:iam:",{ "Ref" : "AWS::AccountId" },"role/*-app*"]]
                        },
                        "Action": [
                            "iam:PassRole"
                        ]
                    },
                    {
                        "Sid": "iamPassStepFunctions",
                        "Effect": "Allow",
                        "Resource": "arn:aws:iam::930136447543:role/bu-pw-step-cloudwatch-role",
                        "Action": [
                            "iam:PassRole"
                        ]
                    },
                    {
                        "Sid": "AllowCloudFormationActions",
                        "Effect": "Allow",
                        "Action": [
                            "cloudformation:*"
                        ],
                        "Resource": "*"
                    },
                    {
                        "Sid": "AllowELBActions",
                        "Effect": "Allow",
                        "Action": [
                            "elasticloadbalancing:ApplySecurityGroupsToLoadBalancer",
                            "elasticloadbalancing:AttachLoadBalancerToSubnets",
                            "elasticloadbalancing:AddTags",
                            "elasticloadbalancing:ConfigureHealthCheck",
                            "elasticloadbalancing:Describe*",
                            "elasticloadbalancing:Create*",
                            "elasticloadbalancing:Delete*",
                            "elasticloadbalancing:DeregisterInstancesFromLoadBalancer",
                            "elasticloadbalancing:DetachLoadBalancerFromSubnets",
                            "elasticloadbalancing:Set*",
                            "elasticloadbalancing:Describe*",
                            "elasticloadbalancing:ModifyLoadBalancerAttributes",
                            "elasticloadbalancing:EnableAvailabilityZonesForLoadBalancer",
                            "elasticloadbalancing:ModifyLoadBalancerAttributes",
                            "elasticloadbalancing:RegisterInstancesWithLoadBalancer",
                            "elasticloadbalancing:RegisterTargets"
                        ],
                        "Resource": "*"
                    },
                    {
                        "Sid": "AllowDynamoTables",
                        "Effect": "Allow",
                        "Action": [
                            "dynamodb:Query",
                            "dynamodb:GetItem",
                            "dynamodb:PutItem",
                            "dynamodb:BatchGetItem",
                            "dynamodb:Scan"
                        ],
                        "Resource": [
                            {"Fn::Join" : [":", ["arn:aws:dynamodb", { "Ref": "AWS::Region" }, { "Ref" : "AWS::AccountId" }, "table/CLOUDPORTAL-S3-ACCESS"]]},
                            {"Fn::Join" : [":", ["arn:aws:dynamodb", { "Ref": "AWS::Region" }, { "Ref" : "AWS::AccountId" }, "table/CLOUDPORTAL-SERVICE-ACCESS"]]},
                            {"Fn::Join" : [":", ["arn:aws:dynamodb", { "Ref": "AWS::Region" }, { "Ref" : "AWS::AccountId" }, "table/CLOUDPORTAL-S3-MAPPING"]]}
                        ]
                    }
                ]
            }
         }
      }
   }
}
