{
	"AWSTemplateFormatVersion": "2010-09-09",
	"Description": "Cloud Architecture Role for SAs",
	
	"Parameters": {
		"RoleName":{
			"Type": "String",
			"Description": "Name of the admin Role (not defined in this template)"
		},
		"RolePath":{
			"Type": "String",
			"Description": "Path for the role"
		}
	},

	"Resources": {

		"cldarchRole": {
			"Type": "AWS::IAM::Role",
			"Properties": {
				"RoleName": { "Ref": "RoleName" },
				"Path": { "Ref": "RolePath" },
				"AssumeRolePolicyDocument": {
					"Version": "2012-10-17",
					"Statement": [{
						"Sid": "",
						"Effect": "Allow",
						"Principal": {
							"Federated": {"Fn::Join": [":", ["arn:aws:iam:", {"Ref": "AWS::AccountId"}, "saml-provider/ge-saml-for-aws"]]}
						},
						"Action": "sts:AssumeRoleWithSAML",
						"Condition": {
							"StringEquals": {
								"SAML:aud": "https://signin.aws.amazon.com/saml"
							}
						}
					}]
				},
				"ManagedPolicyArns": [
					{"Fn::Join": [":", ["arn:aws:iam:", {"Ref": "AWS::AccountId"}, "policy/cs/awsiam-sauce"]]}, 
					{"Fn::Join": [":", ["arn:aws:iam:", {"Ref": "AWS::AccountId"}, "policy/cs/awsiam-sauce-the-sequel"]]}
				]
			}
		},

		"cldarchreadonly": {
			"Type": "AWS::IAM::ManagedPolicy",
			"Properties": {
				"Description": "cldarch Managed Policy for Read-Only permissions",
				"Roles": [
					{ "Ref": "cldarchRole" }
				],
				"PolicyDocument": {
					"Version": "2012-10-17",
					"Statement": [
						{
							"Sid": "ReadControls",
							"Effect": "Allow",
							"Resource": "*",
							"Action": [
								"autoscaling:Describe*",
								"cloudformation:Get*",
								"cloudformation:Describe*",
								"cloudformation:List*",
								"cloudtrail:Describe*",
								"cloudtrail:GetTrailStatus",
								"cloudwatch:Describe*",
								"cloudwatch:Get*",
								"cloudwatch:List*",
								"config:Deliver*",
								"config:Describe*",
								"config:Get*",
								"directconnect:Describe*",
								"ds:Check*",
								"ds:Describe*",
								"ds:Get*",
								"ds:List*",
								"ds:Verify*",
								"dynamodb:ListTables",
								"ec2:Describe*",
								"ec2:GetConsoleOutput",
								"ecs:Describe*",
								"ecs:List*",
								"elasticache:Describe*",
								"elasticache:List*",
								"elasticbeanstalk:Check*",
								"elasticbeanstalk:Describe*",
								"elasticbeanstalk:List*",
								"elasticbeanstalk:RequestEnvironmentInfo",
								"elasticbeanstalk:RetrieveEnvironmentInfo",
								"elasticloadbalancing:Describe*",
								"elasticmapreduce:Describe*",
								"elasticmapreduce:List*",
								"es:DescribeElasticsearchDomain",
								"es:DescribeElasticsearchDomains",
								"es:DescribeElasticsearchDomainConfig",
								"es:ListDomainNames",
								"es:ListTags",
								"es:ESHttpGet",
								"es:ESHttpHead",
								"firehose:Describe*",
								"firehose:List*",
								"iam:GenerateCredentialReport",
								"iam:Get*",
								"iam:List*",
								"kinesis:Describe*",
								"kinesis:Get*",
								"kinesis:List*",
								"kms:Describe*",
								"kms:Get*",
								"kms:List*",
								"lambda:List*",
								"lambda:Get*",
								"logs:Describe*",
								"logs:Get*",
								"logs:TestMetricFilter",
								"logs:FilterLogEvents",
								"machinelearning:Describe*",
								"machinelearning:Get*",
								"rds:Describe*",
								"rds:ListTagsForResource",
								"redshift:Describe*",
								"redshift:ViewQueriesInConsole",
								"swf:Count*",
								"swf:Describe*",
								"swf:Get*",
								"swf:List*",
								"tag:Get*"
							]
						}
					]
				}
			}
		},

		"cldarch": {
			"Type": "AWS::IAM::Policy",
			"Properties": {
				"PolicyName": "bu-pw-cldarch",
				"Roles": [
					{ "Ref": "cldarchRole" }
				],
				"PolicyDocument": {
					"Version": "2012-10-17",
					"Statement": [{
						"Sid": "PassRole",
						"Effect": "Allow",
						"Resource": [{
							"Fn::Join": ["", ["arn:aws:iam::", {
								"Ref": "AWS::AccountId"
							}, ":role/*/bu-pw-*-app"]]
						}, {
							"Fn::Join": ["", ["arn:aws:iam::", {
								"Ref": "AWS::AccountId"
							}, ":role/app/*"]]
						}, {
							"Fn::Join": ["", ["arn:aws:iam::", {
								"Ref": "AWS::AccountId"
							}, ":role/lam/*"]]
						}],
						"Action": [
							"iam:PassRole"
						]
					}, {
						"Sid": "OtherControls",
						"Effect": "Allow",
						"Resource": "*",
						"Action": [
							"support:*",
							"trustedadvisor:*",
							"elasticache:*",
							"sns:*",
							"sqs:*",
							"cloudsearch:*",
							"lambda:*",
							"events:*",
							"machinelearning:*",
							"cloudtrail:DescribeTrails",
							"cloudtrail:GetTrailStatus",
							"cloudtrail:LookupEvents",
							"cloudfront:*",
							"config:Describe*",
							"config:Get*",
							"config:List*",
							"config:Put*",
							"config:Delete*",
							"logs:PutMetricFilter",
							"logs:DeleteMetricFilter",
							"logs:DeleteSubscriptionFilter",
							"logs:PutRetentionPolicy",
							"logs:PutSubscriptionFilter",
							"cloudformation:CreateUploadBucket"
						]
					}, {
						"Sid": "CloudWatchControls",
						"Effect": "Allow",
						"Resource": "*",
						"Action": [
							"cloudwatch:DescribeAlarms",
							"cloudwatch:GetMetricStatistics",
							"cloudwatch:PutMetricAlarm",
							"cloudwatch:DeleteAlarms"
						]
					}, {
						"Sid": "EC2Controls",
						"Effect": "Allow",
						"Resource": "*",
						"Action": [
							"elasticloadbalancing:CreateLoadBalancer*",
							"elasticloadbalancing:DeleteLoadBalancer*",
							"elasticloadbalancing:ConfigureHealthCheck",
							"elasticloadbalancing:AttachLoadBalancersToSubnets",
							"elasticloadbalancing:DetachLoadBalancersFromSubnets",
							"elasticloadbalancing:RegisterInstancesWithLoadBalancer",
							"elasticloadbalancing:DeregisterInstancesFromLoadBalancer",
							"elasticloadbalancing:ApplySecurityGroupsToLoadBalancer",
							"elasticloadbalancing:AddTags",
							"elasticloadbalancing:RemoveTags",
							"elasticloadbalancing:ModifyLoadBalancerAttributes",
							"elasticloadbalancing:SetLoadBalancerPoliciesOfListener",
							"elasticloadbalancing:EnableAvailabilityZonesForLoadBalancers",
							"elasticloadbalancing:DisableAvailabilityZonesForLoadBalancers",
							"elasticloadbalancing:*Target*",
							"elasticloadbalancing:CreateListener",
							"elasticloadbalancing:DeleteListener",
							"elasticloadbalancing:ModifyListener",
							"elasticloadbalancing:CreateRule",
							"elasticloadbalancing:ModifyRule",
							"elasticloadbalancing:DeleteRule",
							"elasticloadbalancing:SetRulePriorities",
							"elasticloadbalancing:SetSecurityGroups",
							"ec2:RunInstances",
							"ec2:StartInstances",
							"ec2:StopInstances",
							"ec2:TerminateInstances",
							"ec2:MonitorInstances",
							"ec2:ReportInstanceStatus",
							"ec2:UnmonitorInstances",
							"ec2:CopySnapShot",
							"ec2:CreateSnapShot",
							"ec2:AttachVolume",
							"ec2:DetachVolume",
							"ec2:CopyImage",
							"ec2:CreateImage",
							"ec2:DeregisterImage",
							"ec2:ModifyImageAttribute",
							"ec2:ModifyVolume",
							"ec2:RegisterImage",
							"ec2:ResetImageAttribute",
							"ec2:CreateVolume",
							"ec2:DeleteSnapShot",
							"ec2:DeleteVolume",
							"ec2:EnableVolumeIO",
							"ec2:ModifySnapShotAttribute",
							"ec2:ModifyVolumeAttribute",
							"ec2:ResetSnapShotAttribute",
							"ec2:AssignPrivateIpAddress",
							"ec2:AttachNetworkInterface",
							"ec2:CreateNetworkInterface",
							"ec2:DeleteNetworkInterface",
							"ec2:DetachNetworkInterface",
							"ec2:ModifyNetworkInterfaceAttribute",
							"ec2:UnassignPrivateIpAddress",
							"ec2:GetPasswordData",
							"ec2:ModifyInstanceAttribute",
							"ec2:ResetInstanceAttribute",
							"ec2:AuthorizeSecurityGroupEgress",
							"ec2:AuthorizeSecurityGroupIngress",
							"ec2:CreateSecurityGroup",
							"ec2:DeleteSecurityGroup",
							"ec2:RevokeSecurityGroupEgress",
							"ec2:RevokeSecurityGroupIngress",
							"ec2:CreateSpotDatafeedSubscription",
							"ec2:DeleteSpotDatafeedSubscription",
							"ec2:CreateTags",
							"ec2:DeleteTags",
							"ec2:CancelConversionTask",
							"ec2:CancelImportTask",
							"ec2:ImportInstance",
							"ec2:ImportImage",
							"ec2:ImportSnapshot",
							"ec2:ImportVolume",
							"ec2:CancelExportTask",
							"ec2:CreateInstanceExportTask",
							"ec2:RebootInstances",
							"ec2:AssociateIamInstanceProfile",
							"ec2:ReplaceIamInstanceProfileAssociation"
						]
					}, {
						"Sid": "AutoscalingControls",
						"Effect": "Allow",
						"Resource": "*",
						"Action": [
							"autoscaling:AttachInstances",
							"autoscaling:AttachInstances",
							"autoscaling:AttachLoadBalancers",
							"autoscaling:CompleteLifecycleAction",
							"autoscaling:CreateAutoScalingGroup",
							"autoscaling:CreateLaunchConfiguration",
							"autoscaling:CreateOrUpdateTags",
							"autoscaling:Describe*",
							"autoscaling:DeleteLifecycleHook",
							"autoscaling:DetachInstances",
							"autoscaling:DetachLoadBalancers",
							"autoscaling:EnableMetricsCollection",
							"autoscaling:ExecutePolicy",
							"autoscaling:ExitStandby",
							"autoscaling:PutLifecycleHook",
							"autoscaling:PutNotificationConfiguration",
							"autoscaling:PutScalingPolicy",
							"autoscaling:PutScheduledUpdateGroupAction",
							"autoscaling:PutScheduledUpdateGroupAction",
							"autoscaling:ResumeProcesses",
							"autoscaling:SetDesiredCapacity",
							"autoscaling:SetInstanceHealth",
							"autoscaling:SuspendProcesses",
							"autoscaling:UpdateAutoScalingGroup",
							"autoscaling:SetInstanceHealth",
							"autoscaling:SetInstanceHealth",
							"autoscaling:DeleteAutoScalingGroup",
							"autoscaling:DeleteLaunchConfiguration",
							"autoscaling:DeleteNotificationConfiguration",
							"autoscaling:DeletePolicy",
							"autoscaling:DeleteScheduledAction",
							"autoscaling:DeleteTags",
							"autoscaling:DisableMetricsCollection",
							"autoscaling:TerminateInstanceInAutoScalingGroup"
						]
					}, {
						"Sid": "S3Controls",
						"Effect": "Allow",
						"Resource": "*",
						"Action": [
							"s3:*",
							"glacier:*"
						]
					}, {
						"Sid": "DatabaseControls",
						"Effect": "Allow",
						"Resource": "*",
						"Action": [
							"rds:AddSourceIdentifierToSubscription",
							"rds:AddTagsToResource",
							"rds:ApplyPendingMaintenanceAction",
							"rds:AuthorizeDBSecurityGroupIngress",
							"rds:CopyDBClusterSnapshot",
							"rds:CopyDBParameterGroup",
							"rds:CopyDBSnapshot",
							"rds:CopyOptionGroup",
							"rds:CreateDBClusterParameterGroup",
							"rds:CreateDBClusterSnapshot",
							"rds:CreateDBInstance",
							"rds:CreateDBInstanceReadReplica",
							"rds:CreateDBSecurityGroup",
							"rds:CreateDBSnapshot",
							"rds:CreateDBSubnetGroup",
							"rds:CreateEventSubscription",
							"rds:CreateOptionGroup",
							"rds:DeleteDBClusterParameterGroup",
							"rds:DeleteDBClusterSnapshot",
							"rds:DeleteDBInstance",
							"rds:DeleteDBParameterGroup",
							"rds:DeleteDBSecurityGroup",
							"rds:DeleteDBSnapshot",
							"rds:DeleteDBSubnetGroup",
							"rds:DeleteEventSubscription",
							"rds:DeleteOptionGroup",
							"rds:Describe*",
							"rds:DownloadDBLogFilePortion",
							"rds:FailoverDBCluster",
							"rds:ListTagsForResource",
							"rds:ModifyDBClusterParameterGroup",
							"rds:ModifyDBInstance",
							"rds:ModifyDBParameterGroup",
							"rds:ModifyDBSubnetGroup",
							"rds:ModifyEventSubscription",
							"rds:ModifyOptionGroup",
							"rds:PromoteReadReplica",
							"rds:RebootDBInstance",
							"rds:RemoveSourceIdentifierFromSubscription",
							"rds:ResetDBClusterParameterGroup",
							"rds:ResetDBParameterGroup",
							"rds:Restore*",
							"rds:RevokeDBSecurityGroupIngress",
							"redshift:AuthorizeClusterSecurityGroupIngress",
							"redshift:AuthorizeSnapshotAccess",
							"redshift:CancelQuerySession",
							"redshift:CopyClusterSnapshot",
							"redshift:CreateCluster",
							"redshift:CreateClusterParameterGroup",
							"redshift:CreateClusterSecurityGroup",
							"redshift:CreateClusterSnapshot",
							"redshift:CreateClusterSubnetGroup",
							"redshift:CreateEventSubscription",
							"redshift:CreateSnapshotCopyGrant",
							"redshift:CreateTags",
							"redshift:DeleteCluster",
							"redshift:DeleteClusterParameterGroup",
							"redshift:DeleteClusterSecurityGroup",
							"redshift:DeleteClusterSnapshot",
							"redshift:DeleteClusterSubnetGroup",
							"redshift:DeleteEventSubscription",
							"redshift:DeleteSnapshotCopyGrant",
							"redshift:DeleteTags",
							"redshift:Describe*",
							"redshift:DisableLogging",
							"redshift:EnableLogging",
							"redshift:EnableSnapshotCopy",
							"redshift:ModifyCluster",
							"redshift:ModifyClusterParameterGroup",
							"redshift:ModifyClusterSubnetGroup",
							"redshift:ModifyEventSubscription",
							"redshift:ModifySnapshotCopyRetentionPeriod",
							"redshift:RebootCluster",
							"redshift:ResetClusterParameterGroup",
							"redshift:RestoreFromClusterSnapshot",
							"redshift:RevokeClusterSecurityGroupIngress",
							"redshift:RevokeSnapshotAccess"
						]
					}, {
						"Sid": "CloudFormationControls",
						"Effect": "Allow",
						"Resource": "*",
						"Action": [
							"cloudformation:CancelUpdateStack",
							"cloudformation:ContinueUpdateRollback",
							"cloudformation:CreateChangeSet",
							"cloudformation:CreateStack",
							"cloudformation:CreateUploadBucket",
							"cloudformation:DeleteStack",
							"cloudformation:ExecuteChangeSet",
							"cloudformation:PreviewStackUpdate",
							"cloudformation:SignalResource",
							"cloudformation:UpdateStack",
							"cloudformation:ValidateTemplate"
						]
					}, {
						"Sid": "IAMControls",
						"Effect": "Allow",
						"Resource": "*",
						"Action": [
							"iam:List*",
							"iam:UpdateServerCertificate",
							"iam:UpdateSigningCertificate",
							"iam:UploadServerCertificate",
							"iam:UploadSigningCertificate",
							"iam:GetAccountSummary",
							"iam:GetRolePolicy"
						]
					},{
						"Sid": "EFSControls",
						"Effect": "Allow",
						"Resource": "*",
						"Action": [
							"elasticfilesystem:Create*",
							"elasticfilesystem:Delete*",
							"elasticfilesystem:Describe*",
							"elasticfilesystem:Modify*"
						]
					}]
				}
			}
		},

		"archkmsaccess": {
			"Type": "AWS::IAM::Policy",
			"Properties": {
				"PolicyName": "bu-pw-cldarch-kms-access",
				"Roles": [
					{ "Ref": "cldarchRole" }
				],
				"PolicyDocument": {
					"Version": "2012-10-17",
					"Statement": [
						{
							"Sid": "KMSAccess",
							"Effect": "Allow",
							"Resource": "*",
							"Action": [
								"kms:Encrypt",
								"kms:Decrypt",
								"kms:ReEncrypt*",
								"kms:GenerateDataKey*",
								"kms:DescribeKey",
								"kms:CreateKey",
								"kms:CreateAlias",
								"kms:UpdateAlias"
							]
						}
					]
				}
			}
		}
	}
}