{
	"AWSTemplateFormatVersion": "2010-09-09",
	"Description": "Cloud Architecture Role for SAs",
	
	"Parameters": {
		"RoleName":{
			"Type": "String",
			"Description": "Name of the admin Role (not defined in this template)"
		},
		"RolePath":{
			"Type": "String",
			"Description": "Path for the role"
		}
	},

	"Resources": {

		"cldAdminRole": {
			"Type": "AWS::IAM::Role",
			"Properties": {
				"RoleName": { "Ref": "RoleName" },
				"Path": { "Ref": "RolePath" },
				"AssumeRolePolicyDocument": {
					"Version": "2012-10-17",
					"Statement": [{
						"Sid": "",
						"Effect": "Allow",
						"Principal": {
							"Federated": {"Fn::Join": [":", ["arn:aws:iam:", {"Ref": "AWS::AccountId"}, "saml-provider/ge-saml-for-aws"]]}
						},
						"Action": "sts:AssumeRoleWithSAML",
						"Condition": {
							"StringEquals": {
								"SAML:aud": "https://signin.aws.amazon.com/saml"
							}
						}
					}]
				},
				"ManagedPolicyArns": [
					{"Fn::Join": [":", ["arn:aws:iam:", {"Ref": "AWS::AccountId"}, "policy/cs/awsiam-sauce"]]}, 
					{"Fn::Join": [":", ["arn:aws:iam:", {"Ref": "AWS::AccountId"}, "policy/cs/awsiam-sauce-the-sequel"]]}
				]
			}
		},

		"cldadminreadonly": {
			"Type": "AWS::IAM::ManagedPolicy",
			"Properties": {
				"Description": "cldAdmin Managed Policy for Read-Only permissions",
				"Roles": [
					{ "Ref": "cldAdminRole" }
				],
				"PolicyDocument": {
					"Version": "2012-10-17",
					"Statement": [
						{
							"Sid": "ReadControls",
							"Effect": "Allow",
							"Resource": "*",
							"Action": [
								"autoscaling:Describe*",
								"cloudformation:Get*",
								"cloudformation:Describe*",
								"cloudformation:List*",
								"cloudtrail:Describe*",
								"cloudtrail:GetTrailStatus",
								"cloudwatch:Describe*",
								"cloudwatch:Get*",
								"cloudwatch:List*",
								"config:Deliver*",
								"config:Describe*",
								"config:Get*",
								"directconnect:Describe*",
								"ds:Check*",
								"ds:Describe*",
								"ds:Get*",
								"ds:List*",
								"ds:Verify*",
								"dynamodb:ListTables",
								"ec2:Describe*",
								"ec2:GetConsoleOutput",
								"ecs:Describe*",
								"ecs:List*",
								"elasticache:Describe*",
								"elasticache:List*",
								"elasticbeanstalk:Check*",
								"elasticbeanstalk:Describe*",
								"elasticbeanstalk:List*",
								"elasticbeanstalk:RequestEnvironmentInfo",
								"elasticbeanstalk:RetrieveEnvironmentInfo",
								"elasticloadbalancing:Describe*",
								"elasticmapreduce:Describe*",
								"elasticmapreduce:List*",
								"es:DescribeElasticsearchDomain",
								"es:DescribeElasticsearchDomains",
								"es:DescribeElasticsearchDomainConfig",
								"es:ListDomainNames",
								"es:ListTags",
								"es:ESHttpGet",
								"es:ESHttpHead",
								"firehose:Describe*",
								"firehose:List*",
								"iam:GenerateCredentialReport",
								"iam:Get*",
								"iam:List*",
								"kinesis:Describe*",
								"kinesis:Get*",
								"kinesis:List*",
								"kms:Describe*",
								"kms:Get*",
								"kms:List*",
								"lambda:List*",
								"lambda:Get*",
								"logs:Describe*",
								"logs:Get*",
								"logs:TestMetricFilter",
								"logs:FilterLogEvents",
								"machinelearning:Describe*",
								"machinelearning:Get*",
								"rds:Describe*",
								"rds:ListTagsForResource",
								"redshift:Describe*",
								"redshift:ViewQueriesInConsole",
								"swf:Count*",
								"swf:Describe*",
								"swf:Get*",
								"swf:List*",
								"tag:Get*"
							]
						}
					]
				}
			}
		},

		"cldadmin": {
			"Type": "AWS::IAM::Policy",
			"Properties": {
				"PolicyName": {"Fn::Join": ["-", [{ "Ref": "RoleName" },"policy"]]},
				"Roles": [
					{ "Ref": "cldAdminRole" }
				],
				"PolicyDocument": {
					"Version": "2012-10-17",
					"Statement": [{
							"Sid": "AppServicesCloudAdminPolicy",
							"Effect": "Allow",
							"Resource": "*",
							"Action": [
								"waf:*",
								"inspector:*",
								"kinesis:*",
								"es:*",
								"execute-api:*",
								"apigateway:*"
							]
						},
						{
							"Sid": "StorageCloudAdminPolicy",
							"Effect": "Allow",
							"Resource": "*",
							"Action": [
								"efs:*"
							]
						},
						{
							"Sid": "DatabaseCloudAdminPolicy",
							"Effect": "Allow",
							"Resource": "*",
							"Action": [
								"dynamodb:*",
								"elasticache:*"
							]
						},
						{
							"Sid": "ACLCloudAdminPolicy",
							"Effect": "Allow",
							"Resource": "*",
							"Action": [
								"iam:AddRoleToInstanceProfile",
								"iam:RemoveRoleFromInstanceProfile",
								"iam:ChangePassword",
								"iam:CreateInstanceProfile",
								"iam:UpdateSSHPublicKey",
								"iam:UploadSSHPublicKey",
								"iam:GenerateCredentialReport",
								"iam:GetCredentialReport",
								"support:*",
								"trustedadvisor:*"
							]
						}
					]
				}
			}
		}
		
	}
}