{
  "AWSTemplateFormatVersion": "2010-09-09",

  "Parameters": {
		"PolicyName":{
			"Type": "String",
			"Description": "Name of the Policy"
		},
		"PolicyPath":{
			"Type": "String",
			"Description": "Path for the policy"
		}
	},

  "Resources": {
    "Access": {
      "Type": "AWS::IAM::ManagedPolicy",
      "Properties": {
        "Description": "GE Digital Read Only Access Policy",
        "ManagedPolicyName": { "Ref": "PolicyName" },
        "Path": { "Ref": "PolicyPath" },
        "PolicyDocument": {
          "Version": "2012-10-17",
          "Statement": [{
            "Action": [
              "acm:DescribeCertificate",
              "acm:GetCertificate",
              "acm:ListCertificates",
              "appstream:Get*",
              "autoscaling:Describe*",
              "cloudformation:DescribeStackEvents",
              "cloudformation:DescribeStackResource",
              "cloudformation:DescribeStackResources",
              "cloudformation:DescribeStacks",
              "cloudformation:GetTemplate",
              "cloudformation:GetTemplateSummary",
              "cloudformation:List*",
              "cloudfront:Get*",
              "cloudfront:List*",
              "cloudsearch:Describe*",
              "cloudsearch:List*",
              "cloudtrail:DescribeTrails",
              "cloudtrail:GetTrailStatus",
              "cloudwatch:Describe*",
              "cloudwatch:Get*",
              "cloudwatch:List*",
              "codecommit:BatchGetRepositories",
              "codecommit:Get*",
              "codecommit:GitPull",
              "codecommit:List*",
              "codedeploy:Batch*",
              "codedeploy:Get*",
              "codedeploy:List*",
              "config:Deliver*",
              "config:Describe*",
              "config:Get*",
              "datapipeline:DescribeObjects",
              "datapipeline:DescribePipelines",
              "datapipeline:EvaluateExpression",
              "datapipeline:GetPipelineDefinition",
              "datapipeline:ListPipelines",
              "datapipeline:QueryObjects",
              "datapipeline:ValidatePipelineDefinition",
              "directconnect:Describe*",
              "ds:Check*",
              "ds:Describe*",
              "ds:Get*",
              "ds:List*",
              "ds:Verify*",
              "dynamodb:ListTables",
              "ec2:Describe*",
              "ec2:GetConsoleOutput",
              "ecr:GetAuthorizationToken",
              "ecr:BatchCheckLayerAvailability",
              "ecr:GetDownloadUrlForLayer",
              "ecr:GetManifest",
              "ecr:DescribeRepositories",
              "ecr:ListImages",
              "ecr:BatchGetImage",
              "ecs:Describe*",
              "ecs:List*",
              "elasticache:Describe*",
              "elasticache:List*",
              "elasticbeanstalk:Check*",
              "elasticbeanstalk:Describe*",
              "elasticbeanstalk:List*",
              "elasticbeanstalk:RequestEnvironmentInfo",
              "elasticbeanstalk:RetrieveEnvironmentInfo",
              "elasticloadbalancing:Describe*",
              "elasticmapreduce:Describe*",
              "elasticmapreduce:List*",
              "elastictranscoder:List*",
              "elastictranscoder:Read*",
              "es:DescribeElasticsearchDomain",
              "es:DescribeElasticsearchDomains",
              "es:DescribeElasticsearchDomainConfig",
              "es:ListDomainNames",
              "es:ListTags",
              "es:ESHttpGet",
              "es:ESHttpHead",
              "events:DescribeRule",
              "events:ListRuleNamesByTarget",
              "events:ListRules",
              "events:ListTargetsByRule",
              "events:TestEventPattern",
              "firehose:Describe*",
              "firehose:List*",
              "glacier:ListVaults",
              "glacier:DescribeVault",
              "glacier:GetDataRetrievalPolicy",
              "glacier:GetVaultAccessPolicy",
              "glacier:GetVaultLock",
              "glacier:GetVaultNotifications",
              "glacier:ListJobs",
              "glacier:ListMultipartUploads",
              "glacier:ListParts",
              "glacier:ListTagsForVault",
              "glacier:DescribeJob",
              "glacier:GetJobOutput",
              "iam:GenerateCredentialReport",
              "iam:Get*",
              "iam:List*",
              "inspector:Describe*",
              "inspector:Get*",
              "inspector:List*",
              "inspector:LocalizeText",
              "inspector:PreviewAgentsForResourceGroup",
              "iot:Describe*",
              "iot:Get*",
              "iot:List*",
              "kinesis:Describe*",
              "kinesis:Get*",
              "kinesis:List*",
              "kms:Describe*",
              "kms:Get*",
              "kms:List*",
              "lambda:List*",
              "lambda:Get*",
              "logs:Describe*",
              "logs:Get*",
              "logs:TestMetricFilter",
              "logs:FilterLogEvents",
              "machinelearning:Describe*",
              "machinelearning:Get*",
              "mobilehub:GetProject",
              "mobilehub:ListAvailableFeatures",
              "mobilehub:ListAvailableRegions",
              "mobilehub:ListProjects",
              "mobilehub:ValidateProject",
              "mobilehub:VerifyServiceRole",
              "opsworks:Describe*",
              "opsworks:Get*",
              "rds:Describe*",
              "rds:ListTagsForResource",
              "redshift:Describe*",
              "redshift:ViewQueriesInConsole",
              "s3:List*",
              "sdb:GetAttributes",
              "sdb:List*",
              "sdb:Select*",
              "ses:Get*",
              "ses:List*",
              "sns:Get*",
              "sns:List*",
              "sqs:GetQueueAttributes",
              "sqs:ListQueues",
              "sqs:ReceiveMessage",
              "storagegateway:Describe*",
              "storagegateway:List*",
              "swf:Count*",
              "swf:Describe*",
              "swf:Get*",
              "swf:List*",
              "tag:Get*",
              "trustedadvisor:Describe*",
              "waf:Get*",
              "waf:List*",
              "workspaces:Describe*"
            ],
            "Effect": "Allow",
            "Resource": "*"
          }]
        }
      }
    }
  }
}
