{
    "AWSTemplateFormatVersion": "2010-09-09",
    "Resources": {
        "RolePolicy": {
            "Type": "AWS::IAM::Policy",
            "Properties": {
                "PolicyName": "st-gehportal-app-policy",
                "Roles": ["bu-pw-gehportal-app"],
                "PolicyDocument": {
                    "Version": "2012-10-17",
                    "Statement": [{
                        "Sid": "AllowS3Listing",
                        "Action": [
                            "s3:ListBucket"
                        ],
                        "Effect": "Allow",
                        "Resource": [
                            "arn:aws:s3:::st-geh.gepower.com"
                        ]
                    }, {
                        "Sid": "AllowObjectLevelAccess",
                        "Effect": "Allow",
                        "Action": [
                            "s3:GetObject",
                            "s3:DeleteObject",
                            "s3:PutObject",
                            "s3:AbortMultipartUpload",
                            "s3:ListMultipartUploadParts",
                            "s3:PutObjectAcl"
                        ],
                        "Resource": [
                            "arn:aws:s3:::st-geh.gepower.com/*"
                        ]
                    }]
                }
            }
        },
        "GEHInstanceProfile": {
            "Type": "AWS::IAM::InstanceProfile",
            "Properties": {
                "Path": "/nuc/",
                "Roles": ["bu-pw-gehportal-app"]
            }
        }
    }
}
