{
    "AWSTemplateFormatVersion": "2010-09-09",
    "Parameters": {
        "VPolicyName": {
            "Type": "String",
            "Description": "Freeform portion of the policy name, appended to end of generated polcy name"
        },
        "VBusiness": {
          "Type": "String",
          "Description": "Name of the business"
        },
        "UAI": {
          "Type": "String",
          "Description": "UAI for the application"
        },
        "Environment": {
          "Type": "String",
          "Description": "Environment (Dev, QA, STG, Prd)"
        },
        "App": {
          "Type": "String",
          "Description": "Application Name"
        }
    },
    "Resources": {
      "AppRole": {
	      "Type": "AWS::IAM::Role",
	      "Properties": {
	        "AssumeRolePolicyDocument": {
	            "Version": "2012-10-17",
	            "Statement": [{
	                "Effect": "Allow",
	                "Principal": {
	                    "Service": "ec2.amazonaws.com"
	                },
	                "Action": "sts:AssumeRole"
	            }]
	        },
	        "ManagedPolicyArns": [
	          { "Fn::Join": [":", ["arn:aws:iam:", {"Ref": "AWS::AccountId"},"policy/cs/awsiam-sauce"]] },
	          { "Fn::Join": [":", ["arn:aws:iam:", {"Ref": "AWS::AccountId"},"policy/cs/awsiam-sauce-the-sequel"]] }
	        ],
	        "Path": { "Fn::Join": ["/", ["/app", {"Ref": "VBusiness"},{"Ref": "UAI"},{"Ref":"Environment"},""]]},
	        "RoleName": { "Fn::Join": ["-", [ {"Ref": "App"}, {"Ref": "Environment"}, "app" ]]}
	      }
      },
      "RolePolicies": {
            "Type": "AWS::IAM::Policy",
            "Properties": {
                "PolicyName": {
                    "Fn::Join": ["-", [ {"Ref": "App"}, {"Ref": "Environment"}, "app", {"Ref": "VPolicyName"} ]]
                },
                "Roles": [{"Ref": "AppRole"}],
                "PolicyDocument": {
                    "Version": "2012-10-17",
                    "Statement": [{
                            "Sid": "AllowSNS",
                            "Effect": "Allow",
                            "Action": [
                                "sns:Publish",
                                "sns:Subscribe",
                                "sns:Unsubscribe",
                                "sns:ConfirmSubscription",
                                "sns:GetSubscriptionAttributes",
                                "sns:ListSubscriptions",
                                "sns:CreateTopic",
                                "sns:DeleteTopic",
                                "sns:GetTopicAttributes",
                                "sns:ListSubscriptionsByTopic",
                                "sns:SetTopicAttributes"
                            ],
                            "Resource": [
                                "arn:aws:sns:eu-west-1:951854665038:eDRT*"
                            ]
                        }
                    ]
                }

            }
        },
        "EDRTInstanceProfile": {
            "Type": "AWS::IAM::InstanceProfile",
            "Properties": {
                "Path": { "Fn::Join": ["/", ["/app", {"Ref": "VBusiness"},{"Ref": "UAI"},{"Ref":"Environment"},""]]},
                "Roles": [{
                    "Ref": "AppRole"
                }]
            }
        }
    }
}
