{
  "AWSTemplateFormatVersion": "2010-09-09",
  "Parameters": {
		"VPC": {
			"Type": "String",
			"Description": "Name of the VPC"
		},
		"VBucketName": {
			"Type": "String",
			"Description": "Name of the backup bucket"
		},
		"VRoleName": {
			"Type": "String",
			"Description": "Name of the clddba role"
		}		
	},
  "Resources": {
    "BackupBucketPolicy": {
      "Type": "AWS::IAM::Policy",
      "Properties": {
        "PolicyName": {"Fn::Join": ["", ["bu-pw-mssqlbkp-", {"Ref": "VPC"}, "-policy"]]},
        "Roles": [{ "Ref": "VRoleName" }],
        "PolicyDocument": {
          "Version": "2012-10-17",
          "Statement": [
			{
				"Sid": "AllowS3Listing",
				"Action": [
					"s3:ListBucket"
				],
				"Effect": "Allow",
				"Resource": [
					{"Fn::Join": ["", ["arn:aws:s3:::", {"Ref": "VBucketName"}]]}
				]
			},
			{
				"Sid": "AllowS3RW",
				"Action": [
					"s3:DeleteObject",
					"s3:PutObject",
					"s3:GetObject"
				],
				"Effect": "Allow",
				"Resource": [
					{"Fn::Join": ["", ["arn:aws:s3:::", {"Ref": "VBucketName"}, "/*"]]}
				]
			}]
        }
      }
    }
  }
}
