{
  "AWSTemplateFormatVersion" : "2010-09-09",
  "Description" : "Cloudformation stack for bu-pw-dp-myplant-app",
  "Parameters" : {
    "KMSKeyExport": {
      "Type": "String",
      "Description": "Holds the AttributeValue used for exporting the arn of the KMS Key, to be used in the fed role (this must be unique per account!!)"
    },
    "MyPlantFedRole": {
      "Type": "String",
      "Description": "The myplant-fed role using the key"
    }
  },

  "Resources" : {

    "myplantKMSKey" : {
      "Type" : "AWS::KMS::Key",
      "Properties" : {
        "Description" : "Encryption Key for myplant",
        "KeyPolicy" : {
          "Version": "2012-10-17",
          "Id": {"Fn::Join" : ["", ["myplantKMSKey",{"Ref": "AWS::AccountId"}]]},
          "Statement": [{
            "Sid": "AllowUseOfMyplantKey",
            "Effect": "Allow",
            "Principal": {
              "AWS": {
                "Fn::Join": [":", ["arn:aws:iam:", {"Ref": "AWS::AccountId"}, "root"]]
              }
            },
            "Action": "kms:*",
            "Resource": "*"
          },
          {
            "Sid": "KeyAdminAllow",
            "Effect": "Allow",
            "Principal": {
              "AWS": [{
                "Fn::Join": ["", ["arn:aws:iam::", {"Ref": "AWS::AccountId"}, ":role", {"Ref": "MyPlantFedRole"}]]
              },{
                "Fn::Join": ["", ["arn:aws:iam::", {"Ref": "AWS::AccountId"}, ":role", "/hq/bu-pw-cldfrmtn-app"]]
              }]
            },
            "Action": "kms:*",
            "Resource": "*"
          }


          ]
        }
      }
    },

    "myplantKMSKeyAlias" : {
      "Type" : "AWS::KMS::Alias",
      "Properties" : {
        "AliasName" : "alias/myplant-key",
        "TargetKeyId" : {
          "Ref":"myplantKMSKey"
        }
      }
    }
  },

  "Outputs": {
    "KMSKey" : {
      "Description" : "KMS Key used for myplant",
      "Value": {
        "Fn::GetAtt": ["myplantKMSKey", "Arn"]
      },
      "Export" : {
        "Name" : {"Ref": "KMSKeyExport"}
      }
    }
  }
}
