{
  "AWSTemplateFormatVersion" : "2010-09-09",
  "Description" : "Cloudformation stack for bu-pw-dp-myplant-app",
  "Parameters" : {

    "App":{
      "Type": "String",
      "Description": "Name of the application"
    },

    "Environment": {
      "Type": "String",
      "AllowedValues":[ "dev", "qa", "stg", "prd" ]
    },

    "UAI": {
      "Type": "String",
      "Description": "Universal Application Identifier. Found at https://applications.ge.com"
    },

    "VBucketName": {
      "Type": "String",
      "Description": "Provide the name of the S3 Bucket to provision access on. Just the bucket name not the full arn"
    },

    "VBucketName2": {
      "Type": "String",
      "Description": "Second bucket used"
    },

    "VBusiness": {
      "Type": "String",
      "Description": "Identify the business, this will be used just under the root of the S3 bucket"
    },

    "VS3Permissions": {
      "Type": "CommaDelimitedList",
      "Description": "The list of commands that can be performed in the S3 Bucket"
    },

    "CloudwatchPermissions": {
      "Type": "CommaDelimitedList",
      "Description": "The list of commands that can be performed in the S3 Bucket"
    },

    "RoleNameAttribute": {
      "Type": "String",
      "Description": "Holds the AttributeValue used for exporting the rolename (this must be unique per account!!)"
    },

    "KMSKeyExport": {
      "Type": "String",
      "Description": "Holds the AttributeValue used for exporting the arn of the KMS Key, to be used in the fed role (this must be unique per account!!)"
    }
  },

  "Resources" : {

    "myplantInstanceProfileRole": {
      "Type": "AWS::IAM::Role",
      "Properties": {
        "RoleName": {"Fn::Join": ["-", [{"Ref": "App"},{"Ref":"Environment"},"app"]]},
        "Path": {"Fn::Join": ["/", ["",{"Ref": "VBusiness"},""]]},
        "AssumeRolePolicyDocument": {
          "Version": "2012-10-17",
          "Statement": [{
            "Sid": "AssumeRolePermissions",
            "Effect": "Allow",
            "Principal": {
              "Federated": { "Fn::Join": [":", ["arn:aws:iam:", {"Ref": "AWS::AccountId"},"saml-provider/ge-saml-for-aws"]] }
            },
            "Action": "sts:AssumeRoleWithSAML",
            "Condition": {
              "StringEquals": {
                "SAML:aud": "https://signin.aws.amazon.com/saml"
              }
            }
          },
          {
            "Sid": "AssumeEC2Role",
            "Effect": "Allow",
            "Principal": {
              "Service": "ec2.amazonaws.com"
            },
            "Action": "sts:AssumeRole"
          }]
        },
        "ManagedPolicyArns": [
          { "Fn::Join": [":", ["arn:aws:iam:", {"Ref": "AWS::AccountId"},"policy/cs/awsiam-sauce"]] },
          { "Fn::Join": [":", ["arn:aws:iam:", {"Ref": "AWS::AccountId"},"policy/cs/awsiam-sauce-the-sequel"]] }
        ]
      }
    },

    "myPlantInstancePolicyEC2Read": {
      "Type": "AWS::IAM::Policy",
      "Properties": {
        "PolicyName": {"Fn::Join": ["-", [{"Ref": "App"}, {"Ref": "Environment"}, "ec2-read-access"]]},
        "Roles": [{"Ref": "myplantInstanceProfileRole"}],
        "PolicyDocument": {
          "Version": "2012-10-17",
          "Statement": [
            {
              "Sid": "myPlantAllowEC2ReadPermissions",
              "Effect": "Allow",
              "Action": [
                "ec2:Describe*"
              ],
              "Resource": [
                "*"
              ]
            }
          ]
        }
      }
    },

    "myPlantInstancePolicyS3Access": {
      "Type": "AWS::IAM::Policy",
      "Properties": {
        "PolicyName": {"Fn::Join": ["-", [{"Ref": "App"}, {"Ref": "Environment"}, "s3-access"]]},
        "Roles": [{"Ref": "myplantInstanceProfileRole"}],
        "PolicyDocument": {
          "Version": "2012-10-17",
          "Statement": [
            {
              "Sid": "AllowS3Listing",
              "Action": [
                "s3:ListBucket"
              ],
              "Effect": "Allow",
              "Resource": [
                { "Fn::Join": ["",["arn:aws:s3:::",{"Ref": "VBucketName"}]] },
                { "Fn::Join": ["",["arn:aws:s3:::",{"Ref": "VBucketName2"}]] }
              ]
            },
            {
              "Sid": "myPlantAllS3Actions",
              "Effect": "Allow",
              "Action": { "Ref": "VS3Permissions" },
              "Resource": [
                { "Fn::Join": ["/", [
                  { "Fn::Join": ["",["arn:aws:s3:::",{"Ref": "VBucketName"}]]}
                  ,"*"
                ]]},
                { "Fn::Join": ["/", [
                  { "Fn::Join": ["",["arn:aws:s3:::",{"Ref": "VBucketName2"}]]}
                  ,"*"
                ]]}
              ]
            },
            {
              "Sid": "myPlantCloudwatchPermissions",
              "Effect": "Allow",
              "Action": { "Ref": "CloudwatchPermissions" },
              "Resource": [
                "*"
              ]
            }
          ]
        }
      }
    },

    "myPlantInstanceProfile": {
      "Type": "AWS::IAM::InstanceProfile",
      "Properties": {
        "Path": { "Fn::Join": ["/", ["/app", {"Ref": "VBusiness"},{"Ref": "UAI"},{"Ref":"Environment"},""]]},
        "Roles": [{"Ref": "myplantInstanceProfileRole"}]
      }
    },

    "myPlantInstancePolicyKMSAccess": {
      "Type": "AWS::IAM::Policy",
      "Properties": {
        "PolicyName": {"Fn::Join": ["-", [{"Ref": "App"}, {"Ref": "Environment"}, "kms-access"]]},
        "Roles": [{"Ref": "myplantInstanceProfileRole"}],
        "PolicyDocument": {
          "Version": "2012-10-17",
          "Statement": [{
            "Sid": "AllowBasicKMSAccess",
            "Action": [
              "kms:Encrypt",
              "kms:Decrypt",
              "kms:ReEncrypt*",
              "kms:GenerateDataKey*",
              "kms:DescribeKey"
            ],
            "Effect": "Allow",
            "Resource": {
              "Fn::ImportValue" : {"Ref": "KMSKeyExport"}
            }
          }]
        }
      }
    }
  },

  "Outputs": {
    "RoleName" : {
      "Description" : "Rolename",
      "Value": {
        "Fn::GetAtt" : ["myplantInstanceProfileRole", "Arn"]
      },
      "Export" : {
        "Name" : {"Ref": "RoleNameAttribute"}
      }
    }
  }
}
