{
    "AWSTemplateFormatVersion": "2010-09-09",
    "Mappings": {
        "ActMap": {
            "930136447543": {
                "Path": "/app/pw-hq/UAI2004397/dev/ecs/",
                "Env": "dev"
            },
            "988201728534": {
                "Path": "/app/pw-hq/UAI2004397/dev/ecs/",
                "Env": "prd"
            },
            "951854665038": {
                "Path": "/app/pw-hq/UAI2004397/dev/ecs/",
                "Env": "dev"
            },
            "322870840626": {
                "Path": "/app/pw-hq/UAI2004397/dev/ecs/",
                "Env": "prd"
            }
        }
    },
    "Resources": {
        "ECSRole": {
            "Type": "AWS::IAM::Role",
            "Properties": {
                "AssumeRolePolicyDocument": {
                    "Version": "2012-10-17",
                    "Statement": [{
                        "Effect": "Allow",
                        "Principal": {
                            "Service": ["ec2.amazonaws.com"]
                        },
                        "Action": ["sts:AssumeRole"]
                    }]
                },
                "RoleName": { "Fn::Join": [ "-", [ "bu-pw", { "Fn::FindInMap": ["ActMap", { "Ref": "AWS::AccountId" }, "Env"] }, "ecs-app" ] ] },
                "Path": { "Fn::FindInMap": ["ActMap", { "Ref": "AWS::AccountId" }, "Path"] },
                "ManagedPolicyArns": [{
                    "Fn::Join": ["", ["arn:aws:iam::", { "Ref": "AWS::AccountId" }, ":policy/cs/awsiam-sauce"]] }, {
                    "Fn::Join": ["", ["arn:aws:iam::", { "Ref": "AWS::AccountId" }, ":policy/cs/awsiam-sauce-the-sequel"]]
                }]
            }
        },
        "InstanceProfile": {
            "Type": "AWS::IAM::InstanceProfile",
            "Properties": {
                "Path": { "Fn::FindInMap": ["ActMap", { "Ref": "AWS::AccountId" }, "Path"] },
                "Roles": [{ "Ref": "ECSRole" }]
            }
        },
        "RolePolicy": {
            "Type": "AWS::IAM::Policy",
            "Properties": {
                "PolicyName": "Automation-dev-ECSRole-policy",
                "Roles": [{ "Ref": "ECSRole" }],
                "PolicyDocument": {
                    "Version": "2012-10-17",
                    "Statement": [ 
                        {
                            "Sid": "AllowECSPermissions",
                            "Action": [
                              "ecs:CreateService",
                              "ecs:DeleteService",
                              "ecs:DeregisterTaskDefinition",
                              "ecs:DescribeServices",
                              "ecs:DescribeTaskDefinition",
                              "ecs:DiscoverPollEndpoint",
                              "ecs:ListClusters",
                              "ecs:ListServices",
                              "ecs:ListTaskDefinitionFamilies",
                              "ecs:ListTaskDefinitions",
                              "ecs:RegisterTaskDefinition",
                              "ecs:UpdateService"
                            ],
                            "Effect": "Allow",
                            "Resource": "*"
                        },
                        {
                           "Sid": "AllowECSResourcePermissions",
                           "Action": [
                             "ecs:DeregisterContainerInstance",
                             "ecs:DescribeClusters",
                             "ecs:DescribeContainerInstances",
                             "ecs:DescribeTasks",
                             "ecs:ListContainerInstances",
                             "ecs:ListTasks",
                             "ecs:Poll",
                             "ecs:RegisterContainerInstance",
                             "ecs:RunTask",
                             "ecs:StartTask",
                             "ecs:StopTask",
                             "ecs:StartTelemetrySession",
                             "ecs:SubmitTaskStateChange",
                             "ecs:UpdateContainerAgent",
                             "ecs:SubmitContainerStateChange"
                           ],
                           "Effect": "Allow",
                           "Resource": [ { "Fn::Join": [":", ["arn:aws:ecs", { "Ref": "AWS::Region" }, { "Ref": "AWS::AccountId" }, "cluster/*"]] },
                                         { "Fn::Join": [":", ["arn:aws:ecs", { "Ref": "AWS::Region" }, { "Ref": "AWS::AccountId" }, "container-instance/*"]] },
                                         { "Fn::Join": [":", ["arn:aws:ecs", { "Ref": "AWS::Region" }, { "Ref": "AWS::AccountId" }, "task-definition/*"]] },
                                         { "Fn::Join": [":", ["arn:aws:ecs", { "Ref": "AWS::Region" }, { "Ref": "AWS::AccountId" }, "service/*"]] },
                                         { "Fn::Join": [":", ["arn:aws:ecs", { "Ref": "AWS::Region" }, { "Ref": "AWS::AccountId" }, "task/*"]] },
                                         { "Fn::Join": [":", ["arn:aws:ecs", { "Ref": "AWS::Region" }, { "Ref": "AWS::AccountId" }, "container/*"]] } ]
                        },
                        {
                          "Sid": "AllowELBPermissions",
                          "Effect":"Allow",
                          "Action":[
                            "elasticloadbalancing:DeregisterInstancesFromLoadBalancer",
                            "elasticloadbalancing:DeregisterTargets",
                            "elasticloadbalancing:Describe*",
                            "elasticloadbalancing:RegisterInstancesWithLoadBalancer",
                            "elasticloadbalancing:RegisterTargets",
                            "ec2:Describe*",
                            "ec2:AuthorizeSecurityGroupIngress"
                          ],
                          "Resource":"*"
                        }, 
                        {
                        "Sid": "AllowIAMActions",
                        "Effect": "Allow",
                        "Action": [ "iam:PassRole" ],
                        "Resource": { "Fn::Join": [":", ["arn:aws:iam:", { "Ref": "AWS::AccountId" }, "role/*"]] }
                        }
                    ]
                }
            }
        }
    }
}
