{
	"AWSTemplateFormatVersion": "2010-09-09",
	"Parameters":{
		"AppUAI":{
			"Type": "String",
			"Description": "The UAI of the applcation"
		},
		"AppBusiness":{
			"Type": "String",
			"Description": "The short business name. Ex. dig-eng, pw-hq"
		},
		"AppS3Bucket":{
			"Type": "String",
			"Description": "The name of the bucket used for cookbook"
		}
	},
	"Resources": {
		"EC2Role": {
			"Type": "AWS::IAM::Role",
			"Properties": {
				"AssumeRolePolicyDocument": {
					"Version": "2012-10-17",
					"Statement": [{
						"Effect": "Allow",
						"Principal": {
							"Service": [
								"ec2.amazonaws.com"
							]
						},
						"Action": [
							"sts:AssumeRole"
						]
					}]
				},
				"RoleName": {"Fn::Join": ["-",["bu-pw-nprd-chefwks",{"Ref":"AppUAI"},"app"]]},
				"Path": {"Fn::Join" : [ "/", ["/app",{"Ref": "AppBusiness"}, {"Ref": "AppUAI"}, "nprd/chefwks-nprd-app/" ] ]},
				"ManagedPolicyArns": [{
						"Fn::Join": [
							"", [
								"arn:aws:iam::",
								{
									"Ref": "AWS::AccountId"
								},
								":policy/cs/awsiam-sauce"
							]
						]
					},
					{
						"Fn::Join": [
							"", [
								"arn:aws:iam::",
								{
									"Ref": "AWS::AccountId"
								},
								":policy/cs/awsiam-sauce-the-sequel"
							]
						]
					}
				]
			}
		},
		"InstanceProfile": {
			"Type": "AWS::IAM::InstanceProfile",
			"Properties": {
				"Path": {"Fn::Join" : [ "/", ["/app",{"Ref": "AppBusiness"}, {"Ref": "AppUAI"}, "nprd/chefwks-nprd-app/" ] ]},
				"Roles": [{
					"Ref": "EC2Role"
				}]
			}
		},
		"RolePolicy": {
			"Type": "AWS::IAM::Policy",
			"Properties": {
				"PolicyName": {"Fn::Join": ["-",[{"Ref":"AppBusiness"},"nprd-chefwks-EC2Role-policy"]]},
				"Roles": [{
					"Ref": "EC2Role"
				}],
				"PolicyDocument": {
					"Statement": [{
							"Action": [
								"s3:ListBucket"
							],
							"Resource": [
								{"Fn::Join": ["",["arn:aws:s3:::",{"Ref":"AppS3Bucket"}]]}
							],
							"Effect": "Allow",
							"Sid": "ListBucket"
						},
						{
							"Action": [
								"s3:GetObject",
								"s3:GetObjectVersion",
								"s3:PutObject",
								"s3:DeleteObject",
								"s3:DeleteObjectVersion",
								"s3:ListMultipartUploadParts",
								"s3:AbortMultipartUpload",
								"s3:RestoreObject"
							],
							"Resource": [
								{"Fn::Join": ["",["arn:aws:s3:::",{"Ref":"AppS3Bucket"},"/*"]]}
							],
							"Effect": "Allow",
							"Sid": "BucketActions"
						},
						{
							"Action": [
								"ec2:StopInstances",
								"ec2:StartInstances",
								"ec2:RebootInstances",
								"ec2:TerminateInstances",
								"ec2:DetachVolume",
								"ec2:DeleteVolume",
								"ec2:DeleteSecurityGroup",
								"ec2:RunInstances",
								"ec2:MonitorInstances",
								"ec2:ReportInstanceStatus",
								"ec2:UnmonitorInstances",
								"ec2:AttachVolume",
								"ec2:DetachVolume",
								"ec2:CreateVolume",
								"ec2:EnableVolumeIO",
								"ec2:ModifyVolumeAttribute",
								"ec2:CreateSecurityGroup",
								"ec2:CreateTags",
								"ec2:AssociateIamInstanceProfile"
							],
							"Resource": [
								{"Fn::Join": [":",["arn:aws:ec2:us-east-1",{"Ref":"AWS::AccountId"},"instance/*"]]},
								{"Fn::Join": [":",["arn:aws:ec2:us-east-1",{"Ref":"AWS::AccountId"},"network-interface/*"]]},
								{"Fn::Join": [":",["arn:aws:ec2:us-east-1",{"Ref":"AWS::AccountId"},"key-pair/PWT_TK_key"]]},
								{"Fn::Join": [":",["arn:aws:ec2:us-east-1","*","image/*"]]},
								{"Fn::Join": [":",["arn:aws:ec2:us-east-1",{"Ref":"AWS::AccountId"},"volume/*"]]},
								{"Fn::Join": [":",["arn:aws:ec2:us-east-1",{"Ref":"AWS::AccountId"},"security-group/sg-*"]]},
								{"Fn::Join": [":",["arn:aws:ec2:us-east-1",{"Ref":"AWS::AccountId"},"placement-group/dl-dev*"]]},
								{"Fn::Join": [":",["arn:aws:ec2:us-east-1",{"Ref":"AWS::AccountId"},"snapshot/*"]]},
								{"Fn::Join": [":",["arn:aws:ec2:us-east-1",{"Ref":"AWS::AccountId"},"subnet/subnet-1c6a4634"]]},
								{"Fn::Join": [":",["arn:aws:ec2:us-east-1",{"Ref":"AWS::AccountId"},"subnet/subnet-aadf34dd"]]}
							],
							"Effect": "Allow",
							"Sid": "RestrictedEc2Operations"
						},
						{
							"Action": [
								"ec2:Describe*",
								"ec2:CreateSnapShot",
								"ec2:DeleteNetworkInterface",
								"ec2:AssignPrivateIpAddress",
								"ec2:AttachNetworkInterface",
								"ec2:CreateNetworkInterface",
								"ec2:UnassignPrivateIpAddress"
							],
							"Resource": [
								"*"
							],
							"Effect": "Allow",
							"Sid": "UnrestrictedEc2Operations"
						}
					]
				}
			}
		}
	}
}
