{
    "AWSTemplateFormatVersion": "2010-09-09",
    "Parameters": {
      "App":{
        "Type": "String",
        "Description": "Name of the application"
      },
      "Environment": {
        "Type": "String",
        "AllowedValues":[ "dev", "qa", "stg", "prd" ]
      },
      "UAI": {
        "Type": "String",
        "Description": "Universal Application Identifier. Found at https://applications.ge.com"
      },
      "VBucketName": {
        "Type": "String",
        "Description": "Provide the name of the S3 Bucket to provision access on. Just the bucket name not the full arn"
      },
      "VBusiness": {
        "Type": "String",
        "Description": "Identify the business, this will be used just under the root of the S3 bucket"
      },
      "VS3UserPermissions": {
        "Type": "CommaDelimitedList",
        "Description": "This is the list of commands that can be performed by the IAM User"
      },
      "FunctionalSSO":{
        "Type": "String",
        "Description": "SSO for Functional User"
      }
    },
    "Resources": {
      "User": {
        "Type": "AWS::IAM::User",
        "Properties": {
          "Path": { "Fn::Join": ["/", ["/app", {"Ref": "VBusiness"},{"Ref": "UAI"},{"Ref":"Environment"},""]]},
          "UserName": { "Ref": "FunctionalSSO" },
          "Groups": [{"Ref": "Group"}]
        }
      },
      "InlinePolicy": {
        "Type": "AWS::IAM::Policy",
        "Properties": {
          "PolicyName": {"Fn::Join": ["-", [{"Ref": "App"}, {"Ref": "Environment"}, "IAM-s3-access"]]},
          "Groups": [{"Ref": "Group"}],
          "PolicyDocument": {
            "Version": "2012-10-17",
            "Statement": [
              {
                "Sid": "AllowS3Listing",
                "Action": [
                  "s3:ListBucket"
                ],
                "Effect": "Allow",
                "Resource": [
                  { "Fn::Join": ["",["arn:aws:s3:::",{"Ref": "VBucketName"}]] }
                ],
                "Condition": {
                  "StringLike": {
                    "s3:prefix": "*"
                  }
                }
              },
              {
                "Sid": "AllowAllS3ActionsInUserFolder",
                "Effect": "Allow",
                "Action": { "Ref": "VS3UserPermissions" },
                "Resource": [{ "Fn::Join": ["/",[
                  { "Fn::Join": ["",[
                    "arn:aws:s3:::",
                    {"Ref": "VBucketName"}
                  ]]}
                  ,"*"
                ]]}]
              }
            ]
          }
        }
      },
      "Group": {
        "Type": "AWS::IAM::Group",
        "Properties": {
          "GroupName": { "Fn::Join": ["-", [ {"Ref": "App"}, {"Ref": "Environment"}, "group" ]]},
          "ManagedPolicyArns": [
            { "Fn::Join": [":", ["arn:aws:iam:", {"Ref": "AWS::AccountId"},"policy/cs/awsiam-sauce"]] },
            { "Fn::Join": [":", ["arn:aws:iam:", {"Ref": "AWS::AccountId"},"policy/cs/awsiam-sauce-the-sequel"]] }
          ],
          "Path": { "Fn::Join": ["/", ["/app", {"Ref": "VBusiness"},{"Ref": "UAI"},{"Ref":"Environment"},""]]}
        }
      }
    }
}
