{
    "AWSTemplateFormatVersion": "2010-09-09",
    "Parameters": {
      "App":{
        "Type": "String",
        "Description": "Name of the application",
        "Default": "domino"
      },
      "Environment": {
        "Type": "String",
        "AllowedValues":[ "dev", "qa", "stg", "prd" ],
        "Default": "stg"
      },
      "VBucketName": {
        "Type": "String",
        "Description": "Provide the name of the S3 Bucket to provision access on. Just the bucket name not the full arn",
        "Default": "p-stg-domino"
      },
      "VBusiness": {
        "Type": "String",
        "Description": "Identify the business, this will be used just under the root of the S3 bucket",
        "Default": "hq"
      },
      "VS3FedPermissions":{
        "Type": "CommaDelimitedList",
        "Description": "This is the list of commands that can be performed by the FedRole",
        "Default": ""
      }
    },
    "Resources": {
      "FedRole": {
        "Type": "AWS::IAM::Role",
        "Properties": {
          "AssumeRolePolicyDocument": {
            "Version": "2012-10-17",
            "Statement": [
              {
                "Effect": "Allow",
                "Action": "sts:AssumeRoleWithSAML",
                "Principal": {
                  "Federated": {"Fn::Join": ["", ["arn:aws:iam::",{"Ref": "AWS::AccountId"},":saml-provider/ge-saml-for-aws"]]}
                },
                "Condition": {
                  "StringEquals": {
                    "SAML:aud": "https://signin.aws.amazon.com/saml"
                  }
                }
              }
            ]
          } ,
          "ManagedPolicyArns": [
            { "Fn::Join": [":", ["arn:aws:iam:", {"Ref": "AWS::AccountId"},"policy/cs/awsiam-sauce"]] },
            { "Fn::Join": [":", ["arn:aws:iam:", {"Ref": "AWS::AccountId"},"policy/cs/awsiam-sauce-the-sequel"]] }
          ],
          "Path": { "Fn::Join": ["/", ["", {"Ref": "VBusiness"},""]]},
          "RoleName": { "Fn::Join": ["-", [ {"Ref": "App"}, {"Ref": "Environment"}, "fed" ]]}
        }
      },
      "FedRolePolicy":{
          "Type": "AWS::IAM::Policy",
          "Properties": {
            "PolicyName": {"Fn::Join": ["-", [{"Ref": "App"}, {"Ref": "Environment"}, "fed-s3-access"]]},
            "Roles": [
              {"Ref": "FedRole"}
            ],
            "PolicyDocument": {
                "Version": "2012-10-17",
                "Statement": [
                  {
                    "Sid": "AllowBucketListing",
                    "Action": [
                      "s3:ListAllMyBuckets",
                      "s3:GetBucketLocation"
                    ],
                    "Effect": "Allow",
                    "Resource":[
                      "arn:aws:s3:::*"
                    ]
                  },
                  {
                    "Sid": "AllowS3Listing",
                    "Action": [
                      "s3:ListBucket"
                    ],
                    "Effect": "Allow",
                    "Resource": [
                      { "Fn::Join": ["",["arn:aws:s3:::",{"Ref": "VBucketName"}]] }
                    ]
                  },
                  {
                    "Sid": "AllowAllS3ActionsInUserFolder",
                    "Effect": "Allow",
                    "Action": { "Ref": "VS3FedPermissions" },
                    "Resource": [{ "Fn::Join": ["/",[
                      { "Fn::Join": ["",["arn:aws:s3:::",{"Ref": "VBucketName"}]]},
                      "*"
                    ]]}]
                  }
                ]
            }
          }
      }
    }
}
