{
   "AWSTemplateFormatVersion": "2010-09-09",
   "Mappings" : {
   "RegionMap" : {
    "930136447543"      : { "Subnets": [ "subnet-1c6a4634", "subnet-aadf34dd" ]},
    "988201728534"      : { "Subnets": [ "subnet-17515a51", "subnet-a70c3a8f" ]},
    "951854665038"      : { "Subnets": [ "subnet-0f3bb678", "subnet-8140e6d8" ]},
    "322870840626"      : { "Subnets": [ "subnet-c3f6429a", "subnet-aefb90cb" ]},
    "322870840626"      : { "Subnets": [ "subnet-2c006606", "subnet-ef81d099" ]},
    "510369821637"      : { "Subnets": [ "subnet-e72f61bf", "subnet-ce93a1b8" ]},
    "930136447543"      : { "Path": "/pw-hq/"},
    "988201728534"      : { "Path": "/pw-hq/"},
    "951854665038"      : { "Path": "/pw-hq/"},
    "322870840626"      : { "Path": "/pw-hq/"},
    "322870840626"      : { "Path": "/pw-hq/"},
    "510369821637"      : { "Path": "/wtr/UAI2000020/"}
   }
 },
   "Resources": {
      "LambdaRole": {
         "Type": "AWS::IAM::Role",
         "Properties": {
			"RoleName": "bu-pw-vpclambda-app",
            "AssumeRolePolicyDocument": {
               "Version" : "2012-10-17",
               "Statement": [ {
                  "Effect": "Allow",
                  "Principal": {
                     "Service": [ "lambda.amazonaws.com" ]
                  },
                  "Action": [ "sts:AssumeRole" ]
               } ]
            },
            "ManagedPolicyArns":[{
					"Fn::Join": ["", ["arn:aws:iam::", {
						"Ref": "AWS::AccountId"
					}, ":policy/cs/awsiam-sauce"]]
				}, {
					"Fn::Join": ["", ["arn:aws:iam::", {
						"Ref": "AWS::AccountId"
					}, ":policy/cs/awsiam-sauce-the-sequel"]]
				}],            
            "Condition": {
                "StringLikeIfExists": {
                    "Path": { "Fn::FindInMap" : [ "RegionMap", { "Ref" : "AWS::AccountId" } , "Path"]}
                }
            }
            
         }
      },
      "RolePolicies": {
         "Type": "AWS::IAM::Policy",
         "Properties": {
            "PolicyName": "bu-pw-vpclambda-app-policy",
            "PolicyDocument": 
{
    "Version": "2012-10-17",
        "Statement": [
        {
            "Effect": "Allow",
            "Action": [
                "logs:CreateLogGroup",
                "logs:CreateLogStream",
                "logs:PutLogEvents"
            ],
            "Resource": "arn:aws:logs:*:*:*"
        },
        {
            "Effect": "Allow",
            "Action": [
                "ec2:CreateNetworkInterface",
                "ec2:DescribeNetworkInterfaces",
                "ec2:DetachNetworkInterface",
                "ec2:DeleteNetworkInterface"
            ],
            "Resource": "*",
            "Condition": {
                "StringLikeIfExists": {
                    "ec2:Subnet": { "Fn::FindInMap" : [ "RegionMap", { "Ref" : "AWS::AccountId" } , "Subnets"]}
                }
            }
        }
    ]
},
         "Roles": [ {
            "Ref": "LambdaRole"
            } ]
         }
      }
   }
}
