{
  "AWSTemplateFormatVersion": "2010-09-09",
  "Mappings": {
    "ActMap": {
      "930136447543": {
        "Path": "/pw-hq/UAI1010786/",
        "S3Bucket": "aws-opsworks-cm-us1n"
      },
      "988201728534": {
        "Path": "/pw-hq/UAI1010786/",
        "S3Bucket": "aws-opsworks-cm-us1p"
      },
      "951854665038": {
        "Path": "/pw-hq/UAI1010786/",
        "S3Bucket": "aws-opsworks-cm-eu1n"
      },
      "322870840626": {
        "Path": "/pw-hq/UAI1010786/",
        "S3Bucket": "aws-opsworks-cm-eu1p"
      }
    }
  },
  "Resources": {
    "OpsWorksServiceRole": {
        "Type": "AWS::IAM::Role",
        "Properties": {
          "AssumeRolePolicyDocument": {
              "Statement": [ {
                "Effect": "Allow",
                "Principal": {
                    "Service": [ "opsworks-cm.amazonaws.com" ]
                },
                "Action": [ "sts:AssumeRole" ]
              } ]
          },
          "Path": { "Fn::FindInMap": ["ActMap", { "Ref": "AWS::AccountId" }, "Path"] },
          "RoleName": "bu-pw-opsworks-app"
          }
    },
    "OpsworksRolePolicy": {
      "Type": "AWS::IAM::Policy",
      "Properties": {
        "PolicyName": "bu-pw-opsworks-app-policy",
        "Roles": [{ "Ref": "OpsWorksServiceRole" }],
        "PolicyDocument":{
          "Version": "2012-10-17",
          "Statement": [
            {
              "Effect": "Allow",
              "Resource": "arn:aws:s3:::aws-opsworks-cm-*",
              "Action": [
                "s3:CreateBucket",
                "s3:DeleteObject",
                "s3:DeleteBucket",
                "s3:GetObject",
                "s3:HeadBucket",
                "s3:ListBucket",
                "s3:ListObjects",
                "s3:PutBucketPolicy"
              ]
            },
            {
              "Effect": "Allow",
              "Resource": "*",
              "Action": [
                "ssm:DescribeInstanceInformation",
                "ssm:GetCommandInvocation",
                "ssm:ListCommandInvocations",
                "ssm:ListCommands"
              ]
            },
            {
              "Effect": "Allow",
              "Resource": "*",
              "Condition": {
                "StringLike": { "ssm:resourceTag/aws:cloudformation:stack-name": "aws-opsworks-cm-*" }
              },
              "Action": [ "ssm:SendCommand" ]
            },
            {
              "Effect": "Allow",
              "Resource": [
                  "arn:aws:ssm:*::document/*",
                  "arn:aws:s3:::aws-opsworks-cm-*"
              ],
              "Action": [
                  "ssm:SendCommand"
              ]
            },
            {
              "Effect": "Allow",
              "Resource": "*",
              "Action": [ 
                "ec2:AllocateAddress",
                "ec2:AssociateAddress",
                "ec2:AuthorizeSecurityGroupIngress",
                "ec2:CreateImage",
                "ec2:CreateSecurityGroup",
                "ec2:CreateSnapshot",
                "ec2:CreateTags",
                "ec2:DeleteSecurityGroup",
                "ec2:DeleteSnapshot",
                "ec2:DeregisterImage",
                "ec2:DescribeAccountAttributes",
                "ec2:DescribeAddresses",
                "ec2:DescribeImages",
                "ec2:DescribeInstanceStatus",
                "ec2:DescribeInstances",
                "ec2:DescribeSecurityGroups",
                "ec2:DescribeSnapshots",
                "ec2:DescribeSubnets",
                "ec2:DisassociateAddress",
                "ec2:ReleaseAddress",
                "ec2:RunInstances",
                "ec2:StopInstances"
              ]
            },
            {
              "Effect": "Allow",
              "Resource": "*",
              "Condition": {
                "StringLike": { "ec2:ResourceTag/aws:cloudformation:stack-name": "aws-opsworks-cm-*" }
              },
              "Action": [ "ec2:TerminateInstances" ]
            },
            {
              "Effect": "Allow",
              "Resource": { "Fn::Join": [":", ["arn:aws:cloudformation", { "Ref": "AWS::Region" }, { "Ref" : "AWS::AccountId" }, "stack/aws-opsworks-cm-*" ]] },
              "Action": [
                "cloudformation:CreateStack",
                "cloudformation:DeleteStack",
                "cloudformation:DescribeStackEvents",
                "cloudformation:DescribeStackResources",
                "cloudformation:DescribeStacks",
                "cloudformation:UpdateStack"
              ]
            },
            {
              "Effect": "Allow",
              "Resource": [
                { "Fn::Join": ["", ["arn:aws:iam::", { "Ref" : "AWS::AccountId" }, ":role/", { "Ref" : "OpsWorksServiceRole" } ]] },
                "arn:aws:iam::*:role/aws-opsworks-cm-*",
                "arn:aws:iam::*:role/service-role/aws-opsworks-cm-*"
              ],
              "Action": [ "iam:PassRole" ]
            }
          ]
        }
      }
    }
  }
}
