{
  "AWSTemplateFormatVersion": "2010-09-09",
  "Description": "Buyer Portal - API Gateway",
  "Parameters": {
    "Name": {
      "Type": "String",
      "Default": "BuyerPortal",
      "Description": "The application name (no special characters are allowed except '_')."
    },
    "ApiName": {
      "Type": "String",
      "Default": "Analytics"
    },
    "Env": {
      "Type": "String",
      "AllowedValues": [ "dev", "qa", "stg", "prd" ],
      "Default": "dev"
    },
    "Uai": {
      "Type": "String",
      "Default": "UAI2000936"
    },
    "LambdaARN": {
      "Description": "The ARN of your Lambda function.",
      "Type": "String"
    }
  },
  "Resources": {
    "RestApi": {
      "Type": "AWS::ApiGateway::RestApi",
      "Properties": {
        "Name": {"Fn::Join": ["-", [{"Ref": "Uai"}, {"Ref": "Name"}, {"Ref": "ApiName"}, {"Ref": "Env"}]]}
      }
    },
    
    "MyAPIResource": {
      "Type": "AWS::ApiGateway::Resource",
      "Properties": {
        "RestApiId": {"Ref": "RestApi"},
        "ParentId": {"Fn::GetAtt": ["RestApi", "RootResourceId"]},
        "PathPart": "api"
      }
    },
    "MyAPIGet": {
      "Type": "AWS::ApiGateway::Method",
      "Properties": {
        "RestApiId": {"Ref": "RestApi"},
        "ResourceId": {"Ref": "MyAPIResource"},
        "HttpMethod": "GET",
        "AuthorizationType": "NONE",
        "Integration": {
          "Type": "AWS",
          "IntegrationHttpMethod": "POST",
          "Uri": {"Fn::Join": ["", ["arn:aws:apigateway:", {"Ref": "AWS::Region"}, ":lambda:path/2015-03-31/functions/", {"Ref": "LambdaARN"}, "/invocations"]]},
          "IntegrationResponses": [{
            "StatusCode": 200
          },
          {
            "ResponseTemplates": { "application/json": "[400] Bad Request" },
            "SelectionPattern": "\\[ERROR:400\\](.|\\n)*",
            "StatusCode": 400
          },
          {
            "ResponseTemplates": { "application/json": "[500] Internal Server Error" },
            "SelectionPattern": "\\[ERROR:500\\](.|\\n)*",
            "StatusCode": 500
          }],
          "PassthroughBehavior": "WHEN_NO_TEMPLATES"
        },
        "MethodResponses": [{
          "ResponseModels": {
            "application/json": "Empty"
          },
          "ResponseParameters": {
            "method.response.header.Content-Type": false
          },
          "StatusCode": 200
        },
        {
          "ResponseModels": {
            "application/json": "Empty"
          },
          "ResponseParameters": {
            "method.response.header.Content-Type": false
          },
          "StatusCode": 400
        },
        {
          "ResponseModels": {
            "application/json": "Empty"
          },
          "ResponseParameters": {
            "method.response.header.Content-Type": false
          },
          "StatusCode": 500
        }]
      }
    },
    
    "MyAPIV1Resource": {
      "Type": "AWS::ApiGateway::Resource",
      "Properties": {
        "RestApiId": {"Ref": "RestApi"},
        "ParentId": {"Ref": "MyAPIResource"},
        "PathPart": "v1"
      }
    },
    "MyAPIV1Get": {
      "Type": "AWS::ApiGateway::Method",
      "Properties": {
        "RestApiId": {"Ref": "RestApi"},
        "ResourceId": {"Ref": "MyAPIV1Resource"},
        "HttpMethod": "GET",
        "AuthorizationType": "NONE",
        "Integration": {
          "Type": "AWS",
          "IntegrationHttpMethod": "POST",
          "Uri": {"Fn::Join": ["", ["arn:aws:apigateway:", {"Ref": "AWS::Region"}, ":lambda:path/2015-03-31/functions/", {"Ref": "LambdaARN"}, "/invocations"]]},
          "IntegrationResponses": [{
            "StatusCode": 200
          },
          {
            "ResponseTemplates": { "application/json": "[400] Bad Request" },
            "SelectionPattern": "\\[ERROR:400\\](.|\\n)*",
            "StatusCode": 400
          },
          {
            "ResponseTemplates": { "application/json": "[500] Internal Server Error" },
            "SelectionPattern": "\\[ERROR:500\\](.|\\n)*",
            "StatusCode": 500
          }],
          "PassthroughBehavior": "WHEN_NO_TEMPLATES"
        },
        "MethodResponses": [{
          "ResponseModels": {
            "application/json": "Empty"
          },
          "ResponseParameters": {
            "method.response.header.Content-Type": false
          },
          "StatusCode": 200
        },
        {
          "ResponseModels": {
            "application/json": "Empty"
          },
          "ResponseParameters": {
            "method.response.header.Content-Type": false
          },
          "StatusCode": 400
        },
        {
          "ResponseModels": {
            "application/json": "Empty"
          },
          "ResponseParameters": {
            "method.response.header.Content-Type": false
          },
          "StatusCode": 500
        }]
      }
    },
    
    "SolidsealsResource": {
      "Type": "AWS::ApiGateway::Resource",
      "Properties": {
        "RestApiId": {"Ref": "RestApi"},
        "ParentId": {"Ref": "MyAPIV1Resource"},
        "PathPart": "solidseals"
      }
    },
    "SolidsealsGet": {
      "Type": "AWS::ApiGateway::Method",
      "Properties": {
        "RestApiId": {"Ref": "RestApi"},
        "ResourceId": {"Ref": "SolidsealsResource"},
        "HttpMethod": "GET",
        "AuthorizationType": "NONE",
        "Integration": {
          "Type": "AWS",
          "IntegrationHttpMethod": "POST",
          "Uri": {"Fn::Join": ["", ["arn:aws:apigateway:", {"Ref": "AWS::Region"}, ":lambda:path/2015-03-31/functions/", {"Ref": "LambdaARN"}, "/invocations"]]},
          "IntegrationResponses": [{
            "StatusCode": 200
          },
          {
            "ResponseTemplates": { "application/json": "[400] Bad Request" },
            "SelectionPattern": "\\[ERROR:400\\](.|\\n)*",
            "StatusCode": 400
          },
          {
            "ResponseTemplates": { "application/json": "[500] Internal Server Error" },
            "SelectionPattern": "\\[ERROR:500\\](.|\\n)*",
            "StatusCode": 500
          }],
          "PassthroughBehavior": "WHEN_NO_TEMPLATES"
        },
        "MethodResponses": [{
          "ResponseModels": {
            "application/json": "Empty"
          },
          "ResponseParameters": {
            "method.response.header.Content-Type": false
          },
          "StatusCode": 200
        },
        {
          "ResponseModels": {
            "application/json": "Empty"
          },
          "ResponseParameters": {
            "method.response.header.Content-Type": false
          },
          "StatusCode": 400
        },
        {
          "ResponseModels": {
            "application/json": "Empty"
          },
          "ResponseParameters": {
            "method.response.header.Content-Type": false
          },
          "StatusCode": 500
        }]
      }
    },
    "SolidsealsOptions": {
      "Type": "AWS::ApiGateway::Method",
      "Properties": {
        "RestApiId": {"Ref": "RestApi"},
        "ResourceId": {"Ref": "SolidsealsResource"},
        "AuthorizationType": "NONE",
        "HttpMethod": "OPTIONS",
        "Integration": {
          "Type": "MOCK",
          "IntegrationResponses": [{
            "ResponseParameters": {
              "method.response.header.Access-Control-Allow-Headers": "'Content-Type,X-Amz-Date,Authorization,X-Api-Key,X-Amz-Security-Token'",
              "method.response.header.Access-Control-Allow-Methods": "'GET,POST,OPTIONS'",
              "method.response.header.Access-Control-Allow-Origin": "'*'"
            },
            "ResponseTemplates": { "application/json": "" },
            "StatusCode": "200"
          }],
          "PassthroughBehavior": "NEVER",
          "RequestTemplates": {
            "application/json": "{\"statusCode\": 200}"
          }
        },
        "MethodResponses": [{
          "ResponseModels": {
            "application/json": "Empty"
          },
          "ResponseParameters": {
            "method.response.header.Access-Control-Allow-Headers": true,
            "method.response.header.Access-Control-Allow-Methods": true,
            "method.response.header.Access-Control-Allow-Origin": true
          },
          "StatusCode": "200"
        }]
      }
    },
    "SolidsealsPost": {
      "Type": "AWS::ApiGateway::Method",
      "Properties": {
        "RestApiId": {"Ref": "RestApi"},
        "ResourceId": {"Ref": "SolidsealsResource"},
        "HttpMethod": "POST",
        "AuthorizationType": "NONE",
        "Integration": {
          "Type": "AWS",
          "IntegrationHttpMethod": "POST",
          "Uri": {"Fn::Join": ["", ["arn:aws:apigateway:", {"Ref": "AWS::Region"}, ":lambda:path/2015-03-31/functions/", {"Ref": "LambdaARN"}, "/invocations"]]},
          "IntegrationResponses": [{
            "StatusCode": 200
          },
          {
            "ResponseTemplates": { "application/json": "[400] Bad Request" },
            "SelectionPattern": "\\[ERROR:400\\](.|\\n)*",
            "StatusCode": 400
          },
          {
            "ResponseTemplates": { "application/json": "[500] Internal Server Error" },
            "SelectionPattern": "\\[ERROR:500\\](.|\\n)*",
            "StatusCode": 500
          }],
          "PassthroughBehavior": "WHEN_NO_TEMPLATES"
        },
        "MethodResponses": [{
          "ResponseModels": {
            "application/json": "Empty"
          },
          "ResponseParameters": {
            "method.response.header.Content-Type": false
          },
          "StatusCode": 200
        },
        {
          "ResponseModels": {
            "application/json": "Empty"
          },
          "ResponseParameters": {
            "method.response.header.Content-Type": false
          },
          "StatusCode": 400
        },
        {
          "ResponseModels": {
            "application/json": "Empty"
          },
          "ResponseParameters": {
            "method.response.header.Content-Type": false
          },
          "StatusCode": 500
        }]
      }
    },

    "RestApiDeployment": {
      "Type": "AWS::ApiGateway::Deployment",
      "Properties": {
        "RestApiId": {"Ref": "RestApi"},
        "StageName": {"Fn::Join": ["_", [{"Ref": "Name"}, {"Ref": "ApiName"}, {"Ref": "Env"}]]}
      },
      "DependsOn": ["MyAPIGet", "MyAPIV1Get", "SolidsealsGet", "SolidsealsPost", "SolidsealsOptions"]
    }
  },
  "Outputs": {
    "ApiId": {
      "Value": {"Ref": "RestApi"}
    }
  }
}