{
    "AWSTemplateFormatVersion": "2010-09-09",
    "Parameters": {
        "VPolicyName": {
            "Type": "String"
        },
        "VRoleName": {
            "Type": "String",
            "Description": "Provide role name. This should be manually setup ahead of time by Cloud Arch team to algin to standard naming conventions"
        },
        "SNSRole": {
            "Type": "String",
            "Description": "Provide name of role for InstanceProfile"
        }
    },
    "Resources": {
        "RolePolicies": {
            "Type": "AWS::IAM::Policy",
            "Properties": {
                "PolicyName": {
                    "Ref": "VPolicyName"
                },
                "Roles": [{
                    "Ref": "VRoleName"
                }, {
                    "Ref": "SNSRole"
                }],
                "PolicyDocument": {
                    "Version": "2012-10-17",
                    "Statement": [{
                            "Sid": "AllowPublish",
                            "Effect": "Allow",
                            "Action": [
                                "sns:Publish"
                            ],
                            "Resource": [
                                "arn:aws:sns:us-east-1:988201728534:app/APNS/stg-digiforms",
                                "arn:aws:sns:us-east-1:988201728534:endpoint/APNS/stg-digiforms*",
                                "arn:aws:sns:us-east-1:988201728534:digiforms-stg*"
                            ]
                        }, {
                            "Sid": "AllowSuscribeChanges",
                            "Effect": "Allow",
                            "Action": [
                                "sns:Subscribe",
                                "sns:Unsubscribe",
                                "sns:ConfirmSubscription"
                            ],
                            "Resource": [
                                "arn:aws:sns:us-east-1:988201728534:app/APNS/stg-digiforms",
                                "arn:aws:sns:us-east-1:988201728534:endpoint/APNS/stg-digiforms*",
                                "arn:aws:sns:us-east-1:988201728534:digiforms-stg*"
                            ]
                        }, {
                            "Sid": "SetSubscriptionAttributes",
                            "Effect": "Allow",
                            "Action": [
                                "sns:SetSubscriptionAttributes"
                            ],
                            "Resource": [
                                "arn:aws:sns:us-east-1:988201728534:digiforms-stg*",
                                "arn:aws:sns:us-east-1:988201728534:app/APNS/stg-digiforms"
                            ]
                        }, {
                            "Sid": "GetSubscriptionAttributes",
                            "Effect": "Allow",
                            "Action": [
                                "sns:GetSubscriptionAttributes",
                                "sns:ListSubscriptions"
                            ],
                            "Resource": [
                                "arn:aws:sns:us-east-1:988201728534:digiforms-stg*",
                                "arn:aws:sns:us-east-1:988201728534:app/APNS/stg-digiforms"
                            ]
                        }, {
                            "Sid": "GetEndpointAttributes",
                            "Effect": "Allow",
                            "Action": [
                                "sns:GetEndpointAttributes"

                            ],
                            "Resource": [
                                "arn:aws:sns:us-east-1:988201728534:app/APNS/stg-digiforms",
                                "arn:aws:sns:us-east-1:988201728534:endpoint/APNS/stg-digiforms*"
                            ]
                        }, {
                            "Sid": "ListEndpointsByPlatformApplication",
                            "Effect": "Allow",
                            "Action": [
                                "sns:ListEndpointsByPlatformApplication"

                            ],
                            "Resource": [
                                "arn:aws:sns:us-east-1:988201728534:app/APNS/stg-digiforms",
                                "arn:aws:sns:us-east-1:988201728534:endpoint/APNS/stg-digiforms*",
                                "arn:aws:sns:us-east-1:988201728534:*"
                            ]
                        }, {
                            "Sid": "ListPlatformOrTopics",
                            "Effect": "Allow",
                            "Action": [
                                "sns:ListPlatformApplications",
                                "sns:ListTopics"

                            ],
                            "Resource": [
                                "arn:aws:sns:us-east-1:988201728534:app/APNS/stg-digiforms",
                                "arn:aws:sns:us-east-1:988201728534:*"
                            ]
                        }, {
                            "Sid": "SetEndpointAttributes",
                            "Effect": "Allow",
                            "Action": [
                                "sns:SetEndpointAttributes"

                            ],
                            "Resource": [
                                "arn:aws:sns:us-east-1:988201728534:app/APNS/stg-digiforms",
                                "arn:aws:sns:us-east-1:988201728534:endpoint/APNS/stg-digiforms*"
                            ]
                        }, {
                            "Sid": "DeleteEndpoint",
                            "Effect": "Allow",
                            "Action": [
                                "sns:DeleteEndpoint"

                            ],
                            "Resource": [
                                "arn:aws:sns:us-east-1:988201728534:app/APNS/stg-digiforms",
                                "arn:aws:sns:us-east-1:988201728534:endpoint/APNS/stg-digiforms*"
                            ]
                        }, {
                            "Sid": "AllowApp",
                            "Effect": "Allow",
                            "Action": [
                                "sns:CreatePlatformEndpoint",
                                "sns:GetPlatformApplicationAttributes",
                                "sns:SetPlatformApplicationAttributes"

                            ],
                            "Resource": [
                                "arn:aws:sns:us-east-1:988201728534:app/APNS/stg-digiforms"
                            ]
                        }, {
                            "Sid": "AllowTopics",
                            "Effect": "Allow",
                            "Action": [
                                "sns:CreateTopic",
                                "sns:DeleteTopic",
                                "sns:GetTopicAttributes",
                                "sns:ListSubscriptionsByTopic",
                                "sns:SetTopicAttributes"
                            ],
                            "Resource": [
                                "arn:aws:sns:us-east-1:988201728534:digiforms-stg*"
                            ]
                        }

                    ]
                }

            }
        },
        "DigiFormsInstanceProfile": {
            "Type": "AWS::IAM::InstanceProfile",
            "Properties": {
                "Path": "/ren/",
                "Roles": [{
                    "Ref": "VRoleName"
                }]
            }
        }

    }
}
