{
  "AWSTemplateFormatVersion" : "2010-09-09",
  "Description" : "Cloudformation stack for bu-pw-carm-app",

  "Parameters" : {
    "ForeignAccount":{
      "Type": "String",
      "Description": "Foreign trusted account"
    },
    "ForeignUser": {
      "Type": "String",
      "Description": "Foreign trusted user"
    }
  },

  "Resources" : {
    "carmRole": {
      "Type": "AWS::IAM::Role",
      "Properties": {
        "RoleName": "CARM",
        "Path": "/",
        "AssumeRolePolicyDocument": {
          "Version": "2012-10-17",
          "Statement": [{
            "Sid": "",
            "Effect": "Allow",
            "Principal": {
              "AWS": {
                "Fn::Join": [":", ["arn:aws:iam:",{"Ref":"ForeignAccount"},"root"]]
              }
            },
            "Action": "sts:AssumeRole"
          }]
        },
        "ManagedPolicyArns": [
          { "Fn::Join": [":", ["arn:aws:iam:", {"Ref": "AWS::AccountId"},"policy/cs/awsiam-sauce"]] },
          { "Fn::Join": [":", ["arn:aws:iam:", {"Ref": "AWS::AccountId"},"policy/cs/awsiam-sauce-the-sequel"]] }
        ]
      }
    },

    "carmRolePolicy": {
      "Type": "AWS::IAM::Policy",
      "Properties": {
        "PolicyName": "bu-pw-carm-policy",
        "Roles" : [
          { "Ref": "carmRole" }
        ],
        "PolicyDocument": {
          "Version": "2012-10-17",
          "Statement": [{
            "Effect": "Allow",
            "Resource": "*",
            "Action": [
              "appstream:Get*",
              "autoscaling:Describe*",
              "cloudformation:DescribeStackEvents",
              "cloudformation:DescribeStackResources",
              "cloudformation:DescribeStacks",
              "cloudformation:GetTemplate",
              "cloudformation:List*",
              "cloudfront:Get*",
              "cloudfront:List*",
              "dynamodb:BatchGetItem",
              "dynamodb:DescribeTable",
              "dynamodb:GetItem",
              "dynamodb:ListTables",
              "dynamodb:Query",
              "dynamodb:Scan",
              "ec2:Describe*",
              "elasticache:Describe*",
              "elasticbeanstalk:Check*",
              "elasticbeanstalk:Describe*",
              "elasticbeanstalk:List*",
              "elasticbeanstalk:RequestEnvironmentInfo",
              "elasticbeanstalk:RetrieveEnvironmentInfo",
              "elasticloadbalancing:Describe*",
              "elastictranscoder:List*",
              "elastictranscoder:Read*",
              "opsworks:Describe*",
              "opsworks:Get*",
              "rds:Describe*",
              "rds:ListTagsForResource",
              "redshift:Describe*",
              "redshift:ViewQueriesInConsole",
              "route53:Get*",
              "route53:List*",
              "s3:Get*",
              "s3:List*",
              "sdb:DomainMetadata",
              "sdb:GetAttributes",
              "sdb:List*",
              "sdb:Select*",
              "ses:Get*",
              "ses:List*",
              "sns:Get*",
              "sns:List*",
              "sqs:GetQueueAttributes",
              "sqs:ListQueues",
              "sqs:ReceiveMessage",
              "storagegateway:Describe*",
              "storagegateway:List*"
            ]
          }]
        }
      }
    }
  }
}
