{  
   "AWSTemplateFormatVersion":"2010-09-09",
   "Description":"Cloudformation stack for gepower.com app IAM profile",
   "Parameters":{  
      "App":{  
         "Type":"String",
         "Description":"Name of the application. e.g.: gepower-com"
      },
      "Environment":{  
         "Type":"String",
         "AllowedValues":[
            "dev",
            "qa",
            "stg",
            "prd"
         ]
      },
      "DevVersion":{  
         "Type":"String",
         "Description":"Development Environment Version. e.g.: 1,2,3..."
      },
      "UAI":{  
         "Type":"String",
         "Description":"Universal Application Identifier. Found at https://applications.ge.com. (gepower.com - UAI1007089)"
      },
      "VBucketName":{  
         "Type":"String",
         "Description":"Provide the name of the S3 Bucket to provision access on. Just the bucket name not the full arn. (gepower.com - prd-gepower.com)"
      },
      "VBucketName1":{  
         "Type":"String",
         "Description":"Provide the name of the S3 HQ Bucket to provision access on. Just the bucket name not the full arn. (gepower.com - prd-gepower.com)"
      },
      "VolumeName":{  
         "Type":"String",
         "Description":"Provide the name of the Volume ID: (stg: vol-04d89e8f20f0bcadd & prd: vol-0db983d5128ddd9a0)"
      }
   },
   "Conditions":{
      "IsDev":{"Fn::Equals":[{"Ref":"Environment"},"dev"]}
   },
   "Resources":{  
      "Role":{  
         "Type":"AWS::IAM::Role",
         "Properties":{  
            "AssumeRolePolicyDocument":{  
               "Version":"2012-10-17",
               "Statement":[  
                  {  
                     "Effect":"Allow",
                     "Principal":{  
                        "Service":"ec2.amazonaws.com"
                     },
                     "Action":"sts:AssumeRole"
                  }
               ]
            },
            "ManagedPolicyArns":[  
               {  
                  "Fn::Join":[  
                     ":",
                     [  
                        "arn:aws:iam:",
                        {  
                           "Ref":"AWS::AccountId"
                        },
                        "policy/cs/awsiam-sauce"
                     ]
                  ]
               },
               {  
                  "Fn::Join":[  
                     ":",
                     [  
                        "arn:aws:iam:",
                        {  
                           "Ref":"AWS::AccountId"
                        },
                        "policy/cs/awsiam-sauce-the-sequel"
                     ]
                  ]
               }
            ],
            "Path":{  
               "Fn::Join":[  
                  "",
                  [  
                     "/app/pwr/",
                     {  
                        "Ref":"UAI"
                     },
                     "/",
                     {  
                        "Ref":"Environment"
                     },
                     {"Fn::If":["IsDev",{"Ref":"DevVersion"},""]},
                     "/"
                  ]
               ]
            },
            "RoleName":{  
               "Fn::Join":[  
                  "",
                  [  
                     "bu-pwr-",
                     {  
                        "Ref":"Environment"
                     },
                     {"Fn::If":["IsDev",{"Ref":"DevVersion"},""]},
                     "-",
                     {  
                        "Ref":"App"
                     },
                     "-app"
                  ]
               ]
            }
         }
      },
      "RolePolicy":{  
         "Type":"AWS::IAM::Policy",
         "Properties":{  
            "PolicyName":{  
               "Fn::Join":[  
                  "",
                  [  
                     "bu-pwr-",
                     {  
                        "Ref":"Environment"
                     },
                     {"Fn::If":["IsDev",{"Ref":"DevVersion"},""]},
                     "-",
                     {  
                        "Ref":"App"
                     },
                     "-policy"
                  ]
               ]
            },
            "Roles":[  
               {  
                  "Ref":"Role"
               }
            ],
            "PolicyDocument":{  
               "Version":"2012-10-17",
               "Statement":[  
                  {  
                     "Sid":"AllowS3Listing",
                     "Action":[  
                        "s3:ListBucket"
                     ],
                     "Effect":"Allow",
                     "Resource":[  
                        {  
                           "Fn::Join":[  
                              "",
                              [  
                                 "arn:aws:s3:::",
                                 {  
                                    "Ref":"VBucketName1"
                                 }
                              ]
                           ]
                        }
                     ],
                     "Condition":{  
                        "StringLike":{  
                           "s3:prefix":[  
                              "pw-hq/gepower/*"
                           ]
                        }
                     }
                  },
                  {  
                     "Sid":"AllowS3ListingAppBucket",
                     "Action":[  
                        "s3:ListBucket"
                     ],
                     "Effect":"Allow",
                     "Resource":[  
                        {  
                           "Fn::Join":[  
                              "",
                              [  
                                 "arn:aws:s3:::",
                                 {  
                                    "Ref":"VBucketName"
                                 }
                              ]
                           ]
                        },
                        {  
                           "Fn::Join":[  
                              "",
                              [  
                                 "arn:aws:s3:::",
                                 {  
                                    "Ref":"VBucketName"
                                 },
                                 "/*"
                              ]
                           ]
                        }
                     ]
                  },
                  {  
                     "Sid":"AllowS3Get",
                     "Effect":"Allow",
                     "Action":[  
                        "s3:GetObject",
                        "s3:DeleteObject",
                        "s3:DeleteObjectVersion",
                        "s3:PutObject",
                        "s3:PutBucketTagging",
                        "s3:AbortMultipartUpload",
                        "s3:RestoreObject"
                     ],
                     "Resource":[
                        {  
                           "Fn::Join":[  
                              "",
                              [  
                                 "arn:aws:s3:::",
                                 {  
                                    "Ref":"VBucketName1"
                                 },
                                 "/pw-hq/gepower/*"
                              ]
                           ]
                        },
                        {  
                           "Fn::Join":[  
                              "",
                              [  
                                 "arn:aws:s3:::",
                                 {  
                                    "Ref":"VBucketName"
                                 }
                              ]
                           ]
                        },
                        {  
                           "Fn::Join":[  
                              "",
                              [  
                                 "arn:aws:s3:::",
                                 {  
                                    "Ref":"VBucketName"
                                 },
                                 "/*"
                              ]
                           ]
                        }
                     ]
                  },
                  {  
                     "Sid":"AllowSQSActions",
                     "Effect":"Allow",
                     "Action":[  
                        "sqs:CreateQueue",
                        "sqs:SetQueueAttributes",
                        "sqs:GetQueueUrl",
                        "sqs:ReceiveMessage",
                        "sqs:DeleteMessage"
                     ],
                     "Resource":[  
                        {  
                           "Fn::Join":[  
                              "",
                              [  
                                 "arn:aws:sqs:us-east-1:",
                                 {  
                                    "Ref":"AWS::AccountId"
                                 },
                                 ":",
                                 {  
                                    "Ref":"Environment"
                                 },
                                 "-gepower-autoscale-*"
                              ]
                           ]
                        }
                     ]
                  },
                  {  
                     "Sid":"AllowSNSActions",
                     "Effect":"Allow",
                     "Action":[  
                        "sns:Subscribe"
                     ],
                     "Resource":[  
                        {  
                           "Fn::Join":[  
                              "",
                              [  
                                 "arn:aws:sns:us-east-1:",
                                 {  
                                    "Ref":"AWS::AccountId"
                                 },
                                 ":",
                                 {  
                                    "Ref":"Environment"
                                 },
                                 "-gepower-autoscale-*"
                              ]
                           ]
                        }
                     ]
                  },
                  {  
                     "Sid":"AllowEC2ReadActions",
                     "Effect":"Allow",
                     "Action":[  
                        "ec2:DescribeInstances",
                        "ec2:DescribeVolumes"
                     ],
                     "Resource":[  
                        "*"
                     ]
                  },
                  {  
                     "Sid":"AllowEC2Actions",
                     "Effect":"Allow",
                     "Action":[  
                        "ec2:AttachVolume",
                        "ec2:DescribeVolumeAttribute",
                        "ec2:DescribeVolumeStatus",
                        "ec2:DetachVolume"
                     ],
                     "Resource":[  
                        {  
                           "Fn::Join":[  
                              "",
                              [  
                                 "arn:aws:ec2:us-east-1:",
                                 {  
                                    "Ref":"AWS::AccountId"
                                 },
                                 ":instance/*"
                              ]
                           ]
                        },
                        {  
                           "Fn::Join":[  
                              "",
                              [  
                                 "arn:aws:ec2:us-east-1:",
                                 {  
                                    "Ref":"AWS::AccountId"
                                 },
                                 ":volume/vol-",
                                 {  
                                    "Ref":"VolumeName"
                                 }
                              ]
                           ]
                        }
                     ],
                     "Condition":{  
                        "StringEquals":{  
                           "ec2:ResourceTag/UAI":{  
                              "Ref":"UAI"
                           }
                        },
                        "StringEqualsIgnoreCase":{  
                           "ec2:ResourceTag/env":{  
                              "Ref":"Environment"
                           }
                        }
                     }
                  },
                  {  
                     "Sid":"AllowDescribeVolumes",
                     "Effect":"Allow",
                     "Action":[  
                        "ec2:DescribeVolumes"
                     ],
                     "Resource":"*"
                  }
               ]
            }
         }
      },
      "EC2InstanceProfile":{  
         "Type":"AWS::IAM::InstanceProfile",
         "Properties":{  
            "Path":{  
               "Fn::Join":[  
                  "",
                  [  
                     "/app/pwr/",
                     {  
                        "Ref":"UAI"
                     },
                     "/",
                     {  
                        "Ref":"Environment"
                     },
                     {"Fn::If":["IsDev",{"Ref":"DevVersion"},""]},
                     "/"
                  ]
               ]
            },
            "Roles":[  
               {  
                  "Ref":"Role"
               }
            ]
         }
      }
   }
}
