{
    "AWSTemplateFormatVersion": "2010-09-09",
    "Resources": {
        "EC2Role": {
            "Type": "AWS::IAM::Role",
            "Properties": {
                "AssumeRolePolicyDocument": {
                    "Version": "2012-10-17",
                    "Statement": [{
                        "Effect": "Allow",
                        "Principal": {
                            "Service": ["ec2.amazonaws.com"]
                        },
                        "Action": ["sts:AssumeRole"]
                    }]
                },
                "RoleName": "bu-pw-stg-gepower-app",
                "Path": "/hq/",
                "ManagedPolicyArns": [{
                    "Fn::Join": ["", ["arn:aws:iam::", { "Ref": "AWS::AccountId" }, ":policy/cs/awsiam-sauce"]] }, {
                    "Fn::Join": ["", ["arn:aws:iam::", { "Ref": "AWS::AccountId" }, ":policy/cs/awsiam-sauce-the-sequel"]]
                }]
            }
        },
        "InstanceProfile": {
            "Type": "AWS::IAM::InstanceProfile",
            "Properties": {
                "Path": "/hq/",
                "Roles": [{ "Ref": "EC2Role" }]
            }
        },
        "RolePolicy": {
            "Type": "AWS::IAM::Policy",
            "Properties": {
                "PolicyName": "bu-pw-stg-gepower-app-policy",
                "Roles": [{ "Ref": "EC2Role" }],
                "PolicyDocument": {
                    "Version": "2012-10-17",
                    "Statement": [
                        {
                            "Sid": "AllowS3Listing",
                            "Action": [ "s3:ListBucket" ],
                            "Effect": "Allow",
                            "Resource": [ "arn:aws:s3:::st-pw-central-us1p" ],
                            "Condition": { "StringLike": { "s3:prefix": [ "pw-hq/gepower/*" ] } }
                        },
                        {
                            "Sid": "AllowS3ListingAppBucket",
                            "Action": [ "s3:ListBucket" ],
                            "Effect": "Allow",
                            "Resource": [ "arn:aws:s3:::st-gepower.com", "arn:aws:s3:::st-gepower.com/*" ]
                        },
                        {
                            "Sid": "AllowS3Get",
                            "Effect": "Allow",
                            "Action": [
                                "s3:GetObject",
                                "s3:DeleteObject",
                                "s3:DeleteObjectVersion",
                                "s3:PutObject",
                                "s3:PutBucketTagging",
                                "s3:AbortMultipartUpload",
                                "s3:RestoreObject"
                            ],
                            "Resource": [ "arn:aws:s3:::st-pw-central-us1p/pw-hq/gepower/*", "arn:aws:s3:::st-gepower.com", "arn:aws:s3:::st-gepower.com/*" ]
                        },
                        {
                            "Sid": "AllowSQSActions",
                            "Effect": "Allow",
                            "Action": [
                                "sqs:CreateQueue",
                                "sqs:SetQueueAttributes",
                                "sqs:GetQueueUrl",
                                "sqs:ReceiveMessage",
                                "sqs:DeleteMessage"
                            ],
                            "Resource": [ "arn:aws:sqs:us-east-1:988201728534:stg-gepower-autoscale-*" ]
                        },
                        {
                            "Sid": "AllowSNSActions",
                            "Effect": "Allow",
                            "Action": [ "sns:Subscribe" ],
                            "Resource": [ "arn:aws:sns:us-east-1:988201728534:stg-gepower-autoscale-*" ]
                        },
                        {
                            "Sid": "AllowEC2Actions",
                            "Effect": "Allow",
                            "Action": [ "ec2:DescribeInstances" ],
                            "Resource": [ "*" ]
                        },
                        {
                            "Sid": "RestrictedEC2Actions",
                            "Effect": "Allow",
                            "Action": [
                              "ec2:AttachVolume",
                              "ec2:DescribeVolumeAttribute",
                              "ec2:DescribeVolumeStatus",
                              "ec2:DetachVolume"
                            ],
                            "Resource": [ "arn:aws:ec2:us-east-1:988201728534:instance/*", "arn:aws:ec2:us-east-1:988201728534:volume/vol-04d89e8f20f0bcadd" ] ,
                            "Condition": { "StringEquals": { "ec2:ResourceTag/UAI": "UAI1007089" }}
                        },
                        {
                          "Sid": "AllowDescribeVolumes",
                          "Effect": "Allow",
                          "Action": [ "ec2:DescribeVolumes" ],
                          "Resource": "*"
                        },
                        
                            {
      "Sid": "S3HarrietBucketAccess",
      "Effect": "Allow",
      "Action": [
        "s3:ListBucket"
      ],
      "Resource": "arn:aws:s3:::st-harriet-static-gepower-com"
    },
    {
      "Sid": "S3HarrietObjectAccess",
      "Effect": "Allow",
      "Action": [
        "s3:GetObject"
      ],
      "Resource": "arn:aws:s3:::st-harriet-static-gepower-com/*"
    }
                    ]
                }
            }
        }
    }
}
