{
   "AWSTemplateFormatVersion": "2010-09-09",
   "Resources": {
      "gepowerRole": {
         "Type": "AWS::IAM::Role",
         "Properties": {
            "AssumeRolePolicyDocument": {
               "Version" : "2012-10-17",
               "Statement": [ {
                  "Effect": "Allow",
                  "Principal": {
                     "Service": [ "ec2.amazonaws.com" ]
                  },
                  "Action": [ "sts:AssumeRole" ]
               } ]
            },
            "Path": "/pw-hq/"
         }
      },
      "RolePolicies": {
         "Type": "AWS::IAM::Policy",
         "Properties": {
            "PolicyName": "prd-gepowerPolicy",
            "PolicyDocument":
{
    "Version": "2012-10-17",
    "Statement": [
        {
            "Sid": "AllowS3Listing",
            "Action": [
                "s3:ListBucket"
            ],
            "Effect": "Allow",
            "Resource": [
                "arn:aws:s3:::pw-central-us1p"
            ],
            "Condition": {
                "StringLike": {
                    "s3:prefix": [
                        "pw-hq/gepower/*"
                    ]
                }
            }
        },
        {
            "Sid": "AllowS3Get",
            "Effect": "Allow",
            "Action": [
                "s3:GetObject",
                "s3:DeleteObject",
                "s3:DeleteObjectVersion",
                "s3:PutObject",
                "s3:PutBucketTagging",
                "s3:AbortMultipartUpload",
                "s3:RestoreObject"
            ],
            "Resource": [
                "arn:aws:s3:::pw-central-us1p/pw-hq/gepower/*"
            ]
        },
        {
            "Sid": "AllowSQSActions",
            "Effect": "Allow",
            "Action": [
                "sqs:CreateQueue",
                "sqs:SetQueueAttributes",
                "sqs:GetQueueUrl",
                "sqs:ReceiveMessage",
                "sqs:DeleteMessage"
            ],
            "Resource": [
                "arn:aws:sqs:us-east-1:988201728534:prd-gepower-autoscale-*"
            ]
        },
        {
            "Sid": "AllowSNSActions",
            "Effect": "Allow",
            "Action": [
                "sns:Subscribe"
            ],
            "Resource": [
                "arn:aws:sns:us-east-1:988201728534:prd-gepower-autoscale-*"
            ]
        },
        {
            "Sid": "AllowEC2Actions",
            "Effect": "Allow",
            "Action": [
                "ec2:DescribeInstances"
            ],
            "Resource": [
                "*"
            ]
        }
    ]
},
         "Roles": [ {
            "Ref": "gepowerRole"
            } ]
         }
      },
      "GEPowerInstanceProfile": {
         "Type": "AWS::IAM::InstanceProfile",
            "Properties": {
            "Path": "/pw-hq/",
            "Roles": [ {
               "Ref": "gepowerRole"
            } ]
         }
      }
   }
}
