{
	"AWSTemplateFormatVersion": "2010-09-09",
	"Parameters": {
		"VPolicyName": {
			"Type": "String",
			"Default": "pwt-redshift-dev-s3-user"
		},
		"VRoleName": {
			"Type": "String"
		},
		"VEnvName": {
			"Type": "String",
			"AllowedValues": ["dev", "st", "prd"]
		}
	},
	"Resources": {
		"RolePolicy": {
			"Type": "AWS::IAM::Policy",
			"Properties": {
				"PolicyName": {
					"Ref": "VPolicyName"
				},
				"Roles": [{
					"Ref": "VRoleName"
				}],
				"PolicyDocument": {
					"Version": "2012-10-17",
					"Statement": [{
							"Effect": "Allow",
							"Action": [
								"s3:GetBucketLocation",
								"s3:ListAllMyBuckets"
							],
							"Resource": "arn:aws:s3:::*"
						},
						{
							"Sid": "AllowS3Listing",
							"Effect": "Allow",
							"Action": [
								"s3:ListBucket"
							],
							"Resource": [
								{ "Fn::Join": ["", ["arn:aws:s3:::", { "Ref": "VEnvName" }, "-pwt-redshift"]] }
							]
						},
						{
							"Sid": "AllowAllS3ActionsInUserFolder",
							"Effect": "Allow",
							"Action": [
								"s3:GetObject",
								"s3:DeleteObject",
								"s3:PutObject"
							],
							"Resource": [
								{ "Fn::Join": ["", ["arn:aws:s3:::", { "Ref": "VEnvName" }, "-pwt-redshift/Water/*"]] }
							]
						}
					]
				}
			}
		}
	}
}
