{
  "AWSTemplateFormatVersion": "2010-09-09",
  "Resources": {
    "redshiftRole": {
      "Type": "AWS::IAM::Role",
      "Properties": {
        "AssumeRolePolicyDocument": {
          "Version": "2012-10-17",
          "Statement": [
            {
              "Effect": "Allow",
              "Principal": {
                "Service": [
                  "redshift.amazonaws.com"
                ]
              },
              "Action": [
                "sts:AssumeRole"
              ]
            }
          ]
        },
        "Path": "/water/"
      }
    },
    "rolePolicy": {
      "Type": "AWS::IAM::Policy",
      "Properties": {
        "PolicyName": "qa-redshift-app-policy",
        "PolicyDocument": {
          "Version": "2012-10-17",
          "Statement": [
            {
              "Sid": "AllowS3Listing",
              "Action": [
                "s3:ListBucket"
              ],
              "Effect": "Allow",
              "Resource": [
                "arn:aws:s3:::dev-pwt-redshift"
              ]
            },
            {
              "Sid": "AllowObjectLevelAccess",
              "Effect": "Allow",
              "Action": [
                "s3:GetObject",
                "s3:DeleteObject",
                "s3:PutObject",
                "s3:AbortMultipartUpload",
                "s3:ListMultipartUploadParts",
                "s3:PutObjectAcl"
              ],
              "Resource": [
                "arn:aws:s3:::dev-pwt-redshift/*"
              ]
            }
          ]
        },
        "Roles": [
          {
            "Ref": "redshiftRole"
          }
        ]
      }
    }
  }
}