{
    "AWSTemplateFormatVersion": "2010-09-09",
    "Mappings": {
        "AccountPathMapping": {
        "930136447543": {
            "Path": "/app/pw-hq/UAI2004397/dev/ec2/",
            "Env": "dev"
        },
        "988201728534": {
            "Path": "/app/pw-hq/UAI2004397/prd/ec2/",
            "Env": "prd"
        },
        "951854665038": {
            "Path": "/app/pw-hq/UAI2004397/dev/ec2/",
            "Env": "dev"
        },
        "322870840626": {
            "Path": "/app/pw-hq/UAI2004397/prd/ec2/",
            "Env": "prd"
        },
        "510369821637": {
            "Path": "/app/wtr/UAI2004397/prd/ec2/",
            "Env": "prd"
        }
        }
    },
    "Resources": {
        "LambdaRole": {
            "Type": "AWS::IAM::Role",
            "Properties": {
                "RoleName": "bu-pw-lambda-ec2-schedulerole-app",
                "AssumeRolePolicyDocument": {
                    "Version": "2012-10-17",
                    "Statement": [
                        {
                            "Effect": "Allow",
                            "Principal": {
                                "Service": [
                                    "lambda.amazonaws.com"
                                ]
                            },
                            "Action": [
                                "sts:AssumeRole"
                            ]
                        }
                    ]
                },
                "Path": {
                    "Fn::FindInMap": [
                        "AccountPathMapping",
                        {
                            "Ref": "AWS::AccountId"
                        },
                        "Path"
                    ]
                }
            }
        },
        "RolePolicies": {
            "Type": "AWS::IAM::Policy",
            "Properties": {
                "PolicyName": "bu-pw-lambda-ec2-schedulerole-app-policy",
                "PolicyDocument": {
                    "Version": "2012-10-17",
                    "Statement": [
                        {
                            "Sid": "AllowLogActions",
                            "Effect": "Allow",
                            "Action": [
                                "logs:CreateLogGroup",
                                "logs:CreateLogStream",
                                "logs:PutLogEvents"
                            ],
                            "Resource": "arn:aws:logs:*:*:*"
                        },
                        {
                            
                          "Action": [  "SNS:Publish"  ],
                          "Effect": "Allow",
                          "Resource": {"Fn::Join": [  ":", [  "arn:aws:sns",  {  "Ref": "AWS::Region"  },  {  "Ref": "AWS::AccountId" }, "pwr-auto-*"  ]  ]},
                          "Sid": "AllowSNSActions"
                        },
                        {
                            "Sid": "AllowDescribeActions",
                            "Effect": "Allow",
                            "Action": [
                                "ec2:Describe*"
                            ],
                            "Resource": "*"
                        },
                        {
                            "Sid": "AllowStepFunctionPermissions",
                           "Effect": "Allow",
                           "Action": [
                                "states:CreateActivity",
                                "states:CreateStateMachine",
                                "states:DeleteActivity",
                                "states:DeleteStateMachine",
                                "states:DescribeActivity",
                                "states:DescribeExecution",
                                "states:DescribeStateMachine",
                                "states:GetActivityTask",
                                "states:GetExecutionHistory",
                                "states:ListActivities",
                                "states:ListExecutions",
                                "states:ListStateMachines",
                                "states:SendTaskFailure",
                                "states:SendTaskHeartbeat",
                                "states:SendTaskSuccess",
                                "states:StartExecution",
                                "states:StopExecution"
                           ],
                           "Resource": "*"
                        },
                        {
                            "Action": [
                              "kms:CreateGrant"
                            ],
                            "Resource": "*",
                            "Effect": "Allow",
                            "Sid": "AllowKMS"
                        },
                        {
                            "Sid": "EC2AllowActions",
                            "Effect": "Allow",
                            "Action": [
                                "ec2:StartInstances",
                                "ec2:StopInstances"
                            ],
                            "Resource": {
                                "Fn::Join": [
                                    ":",
                                    [
                                        "arn:aws:ec2",
                                        {
                                            "Ref": "AWS::Region"
                                        },
                                        {
                                            "Ref": "AWS::AccountId"
                                        },
                                        "instance/*"
                                    ]
                                ]
                            }
                        }
                    ]
                },
                "Roles": [
                    {
                        "Ref": "LambdaRole"
                    }
                ]
            }
        }
    }
}
