{
    "AWSTemplateFormatVersion": "2010-09-09",
    "Parameters": {
        "VPolicyName": {
            "Type": "String",
            "Description": "Freeform portion of the policy name, appended to end of generated polcy name"
        },
        "VBusiness": {
          "Type": "String",
          "Description": "Name of the business"
        },
        "UAI": {
          "Type": "String",
          "Description": "UAI for the application"
        },
        "Environment": {
          "Type": "String",
          "Description": "Environment (Dev, QA, STG, Prd)"
        },
        "App": {
          "Type": "String",
          "Description": "Application Name"
        }
    },
    "Resources": {
      "AppRole": {
	      "Type": "AWS::IAM::Role",
	      "Properties": {
	        "AssumeRolePolicyDocument": {
	            "Version": "2012-10-17",
	            "Statement": [{
	                "Effect": "Allow",
	                "Principal": {
	                    "Service": "ec2.amazonaws.com"
	                },
	                "Action": "sts:AssumeRole"
	            }]
	        },
	        "ManagedPolicyArns": [
	          { "Fn::Join": [":", ["arn:aws:iam:", {"Ref": "AWS::AccountId"},"policy/cs/awsiam-sauce"]] },
	          { "Fn::Join": [":", ["arn:aws:iam:", {"Ref": "AWS::AccountId"},"policy/cs/awsiam-sauce-the-sequel"]] }
	        ],
	        "Path": { "Fn::Join": ["/", ["/app", {"Ref": "VBusiness"},{"Ref": "UAI"},{"Ref":"Environment"},""]]},
	        "RoleName": { "Fn::Join": ["-", [ {"Ref": "App"}, {"Ref": "Environment"}, "app" ]]}
	      }
      },
      "FedRole": {
        "Type": "AWS::IAM::Role",
        "Properties": {
          "AssumeRolePolicyDocument": {
            "Version": "2012-10-17",
            "Statement": [
              {
                "Effect": "Allow",
                "Action": "sts:AssumeRoleWithSAML",
                "Principal": {
                  "Federated": {"Fn::Join": ["", ["arn:aws:iam::",{"Ref": "AWS::AccountId"},":saml-provider/ge-saml-for-aws"]]}
                },
                "Condition": {
                  "StringEquals": {
                    "SAML:aud": "https://signin.aws.amazon.com/saml"
                  }
                }
              }
            ]
          } ,
          "ManagedPolicyArns": [
            { "Fn::Join": [":", ["arn:aws:iam:", {"Ref": "AWS::AccountId"},"policy/cs/awsiam-sauce"]] },
            { "Fn::Join": [":", ["arn:aws:iam:", {"Ref": "AWS::AccountId"},"policy/cs/awsiam-sauce-the-sequel"]] }
          ],
          "Path": { "Fn::Join": ["/", ["",{"Ref": "VBusiness"},""]]},
          "RoleName": { "Fn::Join": ["-", [ {"Ref": "App"}, {"Ref": "Environment"}, "fed" ]]}
        }
      },
      "RolePolicies": {
            "Type": "AWS::IAM::Policy",
            "Properties": {
                "PolicyName": {
                    "Fn::Join": ["-", [ {"Ref": "App"}, {"Ref": "Environment"}, "app", {"Ref": "VPolicyName"} ]]
                },
                "Roles": [{
                    "Ref": "AppRole"
                }, {
                    "Ref": "FedRole"
                }],
                "PolicyDocument": {
                    "Version": "2012-10-17",
                    "Statement": [{
                            "Sid": "AllowPublish",
                            "Effect": "Allow",
                            "Action": [
                                "sns:Publish"
                            ],
                            "Resource": [
                                "arn:aws:sns:us-east-1:988201728534:app/APNS/EquipTrak",
                                "arn:aws:sns:us-east-1:988201728534:endpoint/APNS/EquipTrak*",
                                "arn:aws:sns:us-east-1:988201728534:EquipTrak*"
                            ]
                        }, {
                            "Sid": "AllowSuscribeChanges",
                            "Effect": "Allow",
                            "Action": [
                                "sns:Subscribe",
                                "sns:Unsubscribe",
                                "sns:ConfirmSubscription"
                            ],
                            "Resource": [
                                "arn:aws:sns:us-east-1:988201728534:app/APNS/EquipTrak",
                                "arn:aws:sns:us-east-1:988201728534:endpoint/APNS/EquipTrak*",
                                "arn:aws:sns:us-east-1:988201728534:EquipTrak*"
                            ]
                        }, {
                            "Sid": "SetSubscriptionAttributes",
                            "Effect": "Allow",
                            "Action": [
                                "sns:SetSubscriptionAttributes"
                            ],
                            "Resource": [
                                "arn:aws:sns:us-east-1:988201728534:EquipTrak*",
                                "arn:aws:sns:us-east-1:988201728534:app/APNS/EquipTrak"
                            ]
                        }, {
                            "Sid": "GetSubscriptionAttributes",
                            "Effect": "Allow",
                            "Action": [
                                "sns:GetSubscriptionAttributes",
                                "sns:ListSubscriptions"
                            ],
                            "Resource": [
                                "arn:aws:sns:us-east-1:988201728534:EquipTrak*",
                                "arn:aws:sns:us-east-1:988201728534:app/APNS/EquipTrak"
                            ]
                        }, {
                            "Sid": "GetEndpointAttributes",
                            "Effect": "Allow",
                            "Action": [
                                "sns:GetEndpointAttributes"

                            ],
                            "Resource": [
                                "arn:aws:sns:us-east-1:988201728534:app/APNS/EquipTrak",
                                "arn:aws:sns:us-east-1:988201728534:endpoint/APNS/EquipTrak*"
                            ]
                        }, {
                            "Sid": "ListEndpointsByPlatformApplication",
                            "Effect": "Allow",
                            "Action": [
                                "sns:ListEndpointsByPlatformApplication"

                            ],
                            "Resource": [
                                "arn:aws:sns:us-east-1:988201728534:app/APNS/EquipTrak",
                                "arn:aws:sns:us-east-1:988201728534:endpoint/APNS/EquipTrak*",
                                "arn:aws:sns:us-east-1:988201728534:*"
                            ]
                        }, {
                            "Sid": "ListPlatformOrTopics",
                            "Effect": "Allow",
                            "Action": [
                                "sns:ListPlatformApplications",
                                "sns:ListTopics"

                            ],
                            "Resource": [
                                "arn:aws:sns:us-east-1:988201728534:app/APNS/EquipTrak",
                                "arn:aws:sns:us-east-1:988201728534:*"
                            ]
                        }, {
                            "Sid": "SetEndpointAttributes",
                            "Effect": "Allow",
                            "Action": [
                                "sns:SetEndpointAttributes"

                            ],
                            "Resource": [
                                "arn:aws:sns:us-east-1:988201728534:app/APNS/EquipTrak",
                                "arn:aws:sns:us-east-1:988201728534:endpoint/APNS/EquipTrak*"
                            ]
                        }, {
                            "Sid": "DeleteEndpoint",
                            "Effect": "Allow",
                            "Action": [
                                "sns:DeleteEndpoint"

                            ],
                            "Resource": [
                                "arn:aws:sns:us-east-1:988201728534:app/APNS/EquipTrak",
                                "arn:aws:sns:us-east-1:988201728534:endpoint/APNS/EquipTrak*"
                            ]
                        }, {
                            "Sid": "AllowApp",
                            "Effect": "Allow",
                            "Action": [
                                "sns:CreatePlatformEndpoint",
                                "sns:GetPlatformApplicationAttributes",
                                "sns:SetPlatformApplicationAttributes"

                            ],
                            "Resource": [
                                "arn:aws:sns:us-east-1:988201728534:app/APNS/EquipTrak"
                            ]
                        }, {
                            "Sid": "AllowTopics",
                            "Effect": "Allow",
                            "Action": [
                                "sns:CreateTopic",
                                "sns:DeleteTopic",
                                "sns:GetTopicAttributes",
                                "sns:ListSubscriptionsByTopic",
                                "sns:SetTopicAttributes"
                            ],
                            "Resource": [
                                "arn:aws:sns:us-east-1:988201728534:EquipTrak*"
                            ]
                        }

                    ]
                }

            }
        },
        "DigiFormsInstanceProfile": {
            "Type": "AWS::IAM::InstanceProfile",
            "Properties": {
                "Path": { "Fn::Join": ["/", ["/app", {"Ref": "VBusiness"},{"Ref": "UAI"},{"Ref":"Environment"},""]]},
                "Roles": [{
                    "Ref": "AppRole"
                }]
            }
        }

    }
}
