{
	"AWSTemplateFormatVersion": "2010-09-09",
	"Description": "Common IAM roles, policies and groups.",
	"Mappings": {
		"ActMap": {
			"322870840626": {
				"Name": "bu-pw-secops-ge"
			},
			"951854665038": {
				"Name": "bu-pw-secops-ge"
			},
			"930136447543": {
				"Name": "bu-pw-secops-ge"
			},
			"988201728534": {
				"Name": "bu-pw-secops-ge"
			},
			"564772463473": {
				"Name": "bu-pw-secops-fed"
			},
			"821735935111": {
				"Name": "bu-pw-secops-fed"
			},
			"510369821637": {
				"Name": "bu-pw-secops-fed"
			}
		}
	},
	"Resources": {
		"secops": {
			"Type": "AWS::IAM::Policy",
			"Properties": {
				"PolicyName": {
					"Fn::Join": ["-", [{
						"Fn::FindInMap": ["ActMap", {
							"Ref": "AWS::AccountId"
						}, "Name"]
					}, "policy"]]
				},
				"Roles": [{
					"Fn::FindInMap": ["ActMap", {
						"Ref": "AWS::AccountId"
					}, "Name"]
				}],
				"PolicyDocument": {
					"Version": "2012-10-17",
					"Statement": [{
							"Effect": "Allow",
							"Action": [
								"artifact:Get"
							],
							"Resource": [
								"arn:aws:artifact:::report-package/*"
							]
						},
						{
							"Sid": "ReadOnlyActions",
							"Effect": "Allow",
							"Resource": "*",
							"Action": [
								"appstream:Get*",
								"autoscaling:Describe*",
								"cloudformation:DescribeStacks",
								"cloudformation:DescribeStackEvents",
								"cloudformation:DescribeStackResource",
								"cloudformation:DescribeStackResources",
								"cloudformation:GetTemplate",
								"cloudformation:List*",
								"cloudfront:Get*",
								"cloudfront:List*",
								"cloudtrail:DescribeTrails",
								"cloudtrail:GetTrailStatus",
								"cloudtrail:LookupEvents",
								"cloudwatch:Describe*",
								"cloudwatch:Get*",
								"cloudwatch:List*",
								"config:Describe*",
								"config:Get*",
								"config:List*",
								"directconnect:Describe*",
								"dynamodb:DescribeTable",
								"dynamodb:ListTables",
								"ec2:Describe*",
								"ec2:DeleteFlowLogs",
								"efs:Describe*",
								"glacier:Descibe*",
								"glacier:Get*",
								"glacier:List*",
								"elasticache:Describe*",
								"elasticbeanstalk:Check*",
								"elasticbeanstalk:Describe*",
								"elasticbeanstalk:List*",
								"elasticbeanstalk:RequestEnvironmentInfo",
								"elasticbeanstalk:RetrieveEnvironmentInfo",
								"elasticloadbalancing:Describe*",
								"elastictranscoder:Read*",
								"elastictranscoder:List*",
								"iam:List*",
								"iam:Get*",
								"iam:ListAccountAliases",
								"iam:GetAccountSummary",
								"kms:ListKeys",
								"kms:GetKeyRotationStatus",
								"opsworks:Describe*",
								"opsworks:Get*",
								"redshift:Describe*",
								"redshift:ViewQueriesInConsole",
								"rds:Describe*",
								"rds:ListTagsForResource",
								"s3:List*",
								"s3:Get*",
								"ses:Get*",
								"ses:List*",
								"sns:Get*",
								"sns:List*",
								"sqs:GetQueueAttributes",
								"sqs:ListQueues",
								"sqs:ReceiveMessage",
								"logs:GetLogEvents",
								"logs:Describe*",
								"logs:FilterLogEvents",
								"logs:Create*",
								"logs:PutMetricFilter",
								"logs:PutRetentionPolicy",
								"logs:PutSubscriptionFilter",
								"logs:TestMetricFilter",
								"logs:DeleteLogGroup",
								"logs:DeleteLogStream",
								"iam:GenerateCredentialReport",
								"iam:GetCredentialReport",
								"support:*",
								"trustedadvisor:*"
							]
						}
					]
				}
			}
		}
	}
}
