{
    "AWSTemplateFormatVersion": "2010-09-09",
    "Mappings": {
        "ActMap": {
            "930136447543": {
                "Path": "/app/pw-hq/UAI2000020/dev/packer/",
                "Env": "dev"
            },
            "988201728534": {
                "Path": "/app/pw-hq/UAI2000020/dev/packer/",
                "Env": "dev"
            },
            "951854665038": {
                "Path": "/app/pw-hq/UAI2000020/dev/packer/",
                "Env": "dev"
            },
            "322870840626": {
                "Path": "/app/pw-hq/UAI2000020/dev/packer/",
                "Env": "dev"
            },
            "753920291680": {
                "Path": "/app/pw-hq/UAI2006957/prd/packer/",
                "Env": "prd"
            }
        }
    },
    "Resources": {
        "EC2Role": {
            "Type": "AWS::IAM::Role",
            "Properties": {
                "AssumeRolePolicyDocument": {
                    "Version": "2012-10-17",
                    "Statement": [{
                        "Effect": "Allow",
                        "Principal": {
                            "Service": ["ec2.amazonaws.com"]
                        },
                        "Action": ["sts:AssumeRole"]
                    },
                    {
                      "Sid": "AllowJenkinsUS4PRole",
                      "Effect": "Allow",
                      "Principal": { "AWS": "arn:aws:iam::753920291680:role/app/pw-hq/UAI2006957/prd/jenkins-us4p-instance-profile" },
                      "Action": [ "sts:AssumeRole" ]
                    },
                    {
                      "Sid": "AllowJenkinsPrdAppRole",
                      "Effect": "Allow",
                      "Principal": { "AWS": "arn:aws:iam::988201728534:role/app/pw-hq/UAI2000020/prd/jenkins-prd-app" },
                      "Action": [ "sts:AssumeRole" ]
                    }]
                },
                "RoleName": { "Fn::Join": [ "-", [ "bu-pw", { "Fn::FindInMap": ["ActMap", { "Ref": "AWS::AccountId" }, "Env"] }, "packer-app" ] ] },
                "Path": { "Fn::FindInMap": ["ActMap", { "Ref": "AWS::AccountId" }, "Path"] },
                "ManagedPolicyArns": [{
                    "Fn::Join": ["", ["arn:aws:iam::", { "Ref": "AWS::AccountId" }, ":policy/cs/awsiam-sauce"]] }, {
                    "Fn::Join": ["", ["arn:aws:iam::", { "Ref": "AWS::AccountId" }, ":policy/cs/awsiam-sauce-the-sequel"]]
                }]
            }
        },
        "InstanceProfile": {
            "Type": "AWS::IAM::InstanceProfile",
            "Properties": {
                "Path": { "Fn::FindInMap": ["ActMap", { "Ref": "AWS::AccountId" }, "Path"] },
                "Roles": [{ "Ref": "EC2Role" }]
            }
        },
        "RolePolicy": {
            "Type": "AWS::IAM::Policy",
            "Properties": {
                "PolicyName": "packer-dev-EC2Role-policy",
                "Roles": [{
                    "Ref": "EC2Role"
                }],
                "PolicyDocument": {
                    "Version": "2012-10-17",
                    "Statement": [{
                        "Effect": "Allow",
                        "Action": [
                            "ec2:AttachVolume",
                            "ec2:CreateVolume",
                            "ec2:DeleteVolume",
                            "ec2:CreateKeypair",
                            "ec2:DeleteKeypair",
                            "ec2:DescribeSubnets",
                            "ec2:CreateSecurityGroup",
                            "ec2:DeleteSecurityGroup",
                            "ec2:AuthorizeSecurityGroupIngress",
                            "ec2:CreateImage",
                            "ec2:CopyImage",
                            "ec2:RunInstances",
                            "ec2:DescribeVolumes",
                            "ec2:DetachVolume",
                            "ec2:DescribeInstances",
                            "ec2:CreateSnapshot",
                            "ec2:DeleteSnapshot",
                            "ec2:DescribeSnapshots",
                            "ec2:DescribeImages",
                            "ec2:RegisterImage",
                            "ec2:CreateTags",
                            "ec2:ModifyImageAttribute",
                            "ec2:CreateNetworkInterface",
                            "ec2:DescribeNetworkInterfaces",
                            "ec2:DetachNetworkInterface",
                            "ec2:DeleteNetworkInterface",
                            "ec2:GetPasswordData",
                            "ec2:ModifyInstanceAttribute"
                        ],
                        "Resource": "*"
                    },{
                       "Sid": "AllowTerminateActions",
                       "Action": [
                         "ec2:StopInstances",
                         "ec2:TerminateInstances"
                       ],
                       "Effect": "Allow",
                       "Resource": { "Fn::Join": [":", ["arn:aws:ec2", { "Ref": "AWS::Region" }, { "Ref": "AWS::AccountId" }, "instance/*"]] },
                       "Condition": { "StringEquals": { "ec2:ResourceTag/CreatedBy": "Packer" } }
                     }, {
                        "Sid": "AllowIAMActions",
                        "Effect": "Allow",
                        "Action": [ "iam:PassRole" ],
                        "Resource": { "Fn::Join": [":", ["arn:aws:iam:", { "Ref": "AWS::AccountId" }, "role/*-app"]] }
                    }]
                }
            }
        }
    }
}
