{
	"AWSTemplateFormatVersion": "2010-09-09",
	"Description": "bu-pw-lambdaatedge-st-images-estore",

	"Resources": {

		"appLambda": {
			"Type": "AWS::IAM::Role",
			"Properties": {
				"RoleName": "bu-pw-lambda-lambdaatedge-st-images-estore",
				"AssumeRolePolicyDocument": {
					"Version": "2012-10-17",
					"Statement": [{
						"Effect": "Allow",
						"Principal": {
							"Service": [
								"lambda.amazonaws.com",
								"edgelambda.amazonaws.com"
							]
						},
						"Action": ["sts:AssumeRole"]
					}]
				},
				"Path": "/lam/"
			}
		}
	}
}
