{
  "AWSTemplateFormatVersion" : "2010-09-09",
  "Description" : "Cloudformation stack for bu-pw-dp-spatsl-app",
  "Parameters" : {

    "App":{
      "Type": "String",
      "Description": "Name of the application"
    },
    "Environment": {
      "Type": "String",
      "AllowedValues":[ "dev", "qa", "stg", "prd" ]
    },
    "UAI": {
      "Type": "String",
      "Description": "Universal Application Identifier. Found at https://applications.ge.com"
    },
    "VBucketName": {
      "Type": "String",
      "Description": "Provide the name of the S3 Bucket to provision access on. Just the bucket name not the full arn"
    },
    "VBusiness": {
      "Type": "String",
      "Description": "Identify the business, this will be used just under the root of the S3 bucket"
    },
    "VS3Permissions": {
      "Type": "CommaDelimitedList",
      "Description": "The list of commands that can be performed in the S3 Bucket"
    },
    "DLPrefix": {
      "Type": "String",
      "Description": "For output only, shows how the DL for the federated role should be named"
    },
    "FunctionalSSO":{
      "Type": "String",
      "Description": "SSO for Functional User"
    }
  },

  "Resources" : {
    "SpatslFedRole": {
      "Type": "AWS::IAM::Role",
      "Properties": {
        "RoleName": {"Fn::Join": ["-", [{"Ref": "App"},{"Ref":"Environment"},"fed"]]},
        "Path": {"Fn::Join": ["/", ["",{"Ref": "VBusiness"},""]]},
        "AssumeRolePolicyDocument": {
          "Version": "2012-10-17",
          "Statement": [{
            "Sid": "AssumeRolePermissions",
            "Effect": "Allow",
            "Principal": {
              "Federated": { "Fn::Join": [":", ["arn:aws:iam:", {"Ref": "AWS::AccountId"},"saml-provider/ge-saml-for-aws"]] }
            },
            "Action": "sts:AssumeRoleWithSAML",
            "Condition": {
              "StringEquals": {
                "SAML:aud": "https://signin.aws.amazon.com/saml"
              }
            }
          }]
        },
        "ManagedPolicyArns": [
          { "Fn::Join": [":", ["arn:aws:iam:", {"Ref": "AWS::AccountId"},"policy/cs/awsiam-sauce"]] },
          { "Fn::Join": [":", ["arn:aws:iam:", {"Ref": "AWS::AccountId"},"policy/cs/awsiam-sauce-the-sequel"]] }
        ]
      }
    },

    "SpatslAppRole": {
      "Type": "AWS::IAM::Role",
      "Properties": {
        "RoleName": {"Fn::Join": ["-", [{"Ref": "App"},{"Ref":"Environment"},"app"]]},
        "Path": {"Fn::Join": ["/", ["",{"Ref": "VBusiness"},""]]},
        "AssumeRolePolicyDocument": {
          "Version": "2012-10-17",
          "Statement": [{
            "Sid": "AssumeRolePermissions",
            "Effect": "Allow",
            "Principal": {
                "Service": "ec2.amazonaws.com"
            },
            "Action": "sts:AssumeRole"
          }]
        },
        "ManagedPolicyArns": [
          { "Fn::Join": [":", ["arn:aws:iam:", {"Ref": "AWS::AccountId"},"policy/cs/awsiam-sauce"]] },
          { "Fn::Join": [":", ["arn:aws:iam:", {"Ref": "AWS::AccountId"},"policy/cs/awsiam-sauce-the-sequel"]] }
        ]
      }
    },

    "SpatslPolicy": {
      "Type": "AWS::IAM::Policy",
      "Properties": {
        "PolicyName": {"Fn::Join": ["-", [{"Ref": "App"}, {"Ref": "Environment"}, "s3-access"]]},
        "Roles": [{"Ref": "SpatslFedRole"}, {"Ref": "SpatslAppRole"}],
        "Groups": [{"Ref": "SpatslGroup"}],
        "PolicyDocument": {
          "Version": "2012-10-17",
          "Statement": [
            {
              "Sid": "AllowS3Listing",
              "Action": [
                "s3:ListBucket"
              ],
              "Effect": "Allow",
              "Resource": [
                { "Fn::Join": ["",["arn:aws:s3:::",{"Ref": "VBucketName"}]] }
              ]
            },
            {
              "Sid": "AllowAllS3ActionsInUserFolder",
              "Effect": "Allow",
              "Action": { "Ref": "VS3Permissions" },
              "Resource": [
                { "Fn::Join": ["",["arn:aws:s3:::", {"Ref": "VBucketName"}, "/*"]]}
              ]
            }
          ]
        }
      }
    },

    "SpatslUserPermissionToRotateKey": {
      "Type": "AWS::IAM::Policy",
      "Properties": {
        "PolicyName": {"Fn::Join": ["-", [{"Ref": "App"}, {"Ref": "Environment"}, "iam-key-rotate"]]},
        "Groups": [{"Ref": "SpatslGroup"}],
        "PolicyDocument": {
          "Version": "2012-10-17",
          "Statement": [
            {
              "Sid": "AllowManageOwnUserDetails",
              "Effect": "Allow",
              "Action":[
                  "iam:CreateAccessKey",
                  "iam:DeleteAccessKey",
                  "iam:ListAccessKeys",
                  "iam:UpdateAccessKey"
              ],
              "Resource": { "Fn::GetAtt" : [ "SpatslUser", "Arn" ] }
            }
          ]
        }
      }
    },

    "SpatslInstanceProfile": {
      "Type": "AWS::IAM::InstanceProfile",
      "Properties": {
        "Path": { "Fn::Join": ["/", ["/app", {"Ref": "VBusiness"},{"Ref": "UAI"},{"Ref":"Environment"},""]]},
        "Roles": [{"Ref": "SpatslAppRole"}]
      }
    },

    "SpatslGroup": {
      "Type": "AWS::IAM::Group",
      "Properties": {
        "GroupName": { "Fn::Join": ["-", [ {"Ref": "App"}, {"Ref": "Environment"}, "group" ]]},
        "ManagedPolicyArns": [
          { "Fn::Join": [":", ["arn:aws:iam:", {"Ref": "AWS::AccountId"},"policy/cs/awsiam-sauce"]] },
          { "Fn::Join": [":", ["arn:aws:iam:", {"Ref": "AWS::AccountId"},"policy/cs/awsiam-sauce-the-sequel"]] }
        ],
        "Path": { "Fn::Join": ["/", ["/app", {"Ref": "VBusiness"},{"Ref": "UAI"},{"Ref":"Environment"},""]]}
      }
    },

    "SpatslUser": {
      "Type": "AWS::IAM::User",
      "Properties": {
        "Path": { "Fn::Join": ["/", ["/app", {"Ref": "VBusiness"},{"Ref": "UAI"},{"Ref":"Environment"},""]]},
        "UserName": { "Ref": "FunctionalSSO" },
        "Groups": [{"Ref": "SpatslGroup"}]
      }
    }
  },

  "Outputs" : {
    "FederatedDL" : {
      "Description" : "You need to create the following DL in IDM: ",
      "Value": {
        "Fn::Join": ["", [
          {"Ref": "DLPrefix"},
          {"Fn::Join": ["/", [{"Ref": "VBusiness"},""]]},
          {"Fn::Join": ["-", [{"Ref": "App"},{"Ref":"Environment"},"fed"]]},
          "_",
          {"Ref": "AWS::AccountId"}
        ]]
      }
    }
  }
}
