{
  "AWSTemplateFormatVersion": "2010-09-09",
  "Mappings": {
    "AccountPathMapping": {
      "951854665038": {
        "Path": "/app/pw/MTA/UAI2003248/dev/",
        "ECRRepository": "repository/dev-mta-repo-eu1n"
      },
      "322870840626": {
        "Path": "/app/pw/MTA/UAI2003248/prd/",
        "ECRRepository": ""
      }
    }
  },  
  "Resources": {
    "ECRRole": {
      "Type": "AWS::IAM::Role",
      "Properties": {
        "Path": { "Fn::FindInMap": ["AccountPathMapping", { "Ref": "AWS::AccountId" }, "Path"] },
        "RoleName": "bu-pw-mta-app",
        "ManagedPolicyArns": [
          { "Fn::Join": [":", ["arn:aws:iam:", { "Ref": "AWS::AccountId" }, "policy/cs/awsiam-sauce" ] ] },
          { "Fn::Join": [":", ["arn:aws:iam:", { "Ref": "AWS::AccountId" }, "policy/cs/awsiam-sauce-the-sequel" ] ] }
        ],
        "AssumeRolePolicyDocument": {
          "Version": "2012-10-17",
          "Statement": [{
            "Action": [ "sts:AssumeRole" ],
            "Effect": "Allow",
            "Principal": { "Service": [ "ec2.amazonaws.com" ] }
          }]
        }
      }
    },
    "InstanceProfile": {
      "Type": "AWS::IAM::InstanceProfile",
      "Properties": {
        "Path": { "Fn::FindInMap": ["AccountPathMapping", { "Ref": "AWS::AccountId" }, "Path"] },
        "Roles": [{ "Ref": "ECRRole" }]
      }
    },
    "RolePolicy": {
      "Type": "AWS::IAM::Policy",
      "Properties": {
        "PolicyName": "bu-pw-mta-app-policy",
        "Roles": [{ "Ref": "ECRRole" }],
        "PolicyDocument": {
          "Version": "2012-10-17",
          "Statement": [{
            "Sid": "AllowECRPermission",
            "Action": [
              "ecr:BatchGetImage",
              "ecr:GetRepositoryPolicy",
              "ecr:GetDownloadUrlForLayer",
              "ecr:DescribeRepositories",
              "ecr:ListImages",
              "ecr:InitiateLayerUpload", 
              "ecr:UploadLayerPart",
              "ecr:CompleteLayerUpload",
              "ecr:BatchCheckLayerAvailability",
              "ecr:PutImage"
            ],
            "Effect": "Allow",
            "Resource": { "Fn::Join": [ ":", [ "arn:aws:ecr", { "Ref": "AWS::Region" }, { "Ref": "AWS::AccountId" }, { "Fn::FindInMap": ["AccountPathMapping", { "Ref": "AWS::AccountId" }, "ECRRepository"] } ] ] }
          },{
            "Sid": "AllowECRAuthPermission",
            "Action": [ "ecr:GetAuthorizationToken" ],
            "Effect": "Allow",
            "Resource": "*"
          }]
        }
      }
    }
  }
}
