{
    "AWSTemplateFormatVersion": "2010-09-09",
    "Resources": {
      "groupCloudability":{
        "Type": "AWS::IAM::Group",
        "Properties": {
          "GroupName": "pw-group-cloudability",
          "ManagedPolicyArns": [
            {"Fn::Join": ["", ["arn:aws:iam::", {"Ref": "AWS::AccountId"}, ":policy/cs/awsiam-sauce"]]}, 
            {"Fn::Join": ["", ["arn:aws:iam::", {"Ref": "AWS::AccountId"}, ":policy/cs/awsiam-sauce-the-sequel"]]}
          ],
          "Path": "/pw-hq/",
          "Policies": [ 
          {
            "PolicyName": "cloudability-policy",
            "PolicyDocument": {
              "Version": "2012-10-17",
              "Statement": [
              {
                "Sid": "CloudabilityPermissions",
                "Action": [
                  "cloudwatch:GetMetricStatistics",
                  "dynamodb:DescribeTable",
                  "dynamodb:ListTables",
                  "ec2:DescribeImages",
                  "ec2:DescribeInstances",
                  "ec2:DescribeRegions",
                  "ec2:DescribeReservedInstances",
                  "ec2:DescribeReservedInstancesModifications",
                  "ec2:DescribeSnapshots",
                  "ec2:DescribeVolumes",
                  "ecs:DescribeClusters",
                  "ecs:DescribeContainerInstances",
                  "ecs:ListClusters",
                  "ecs:ListContainerInstances",
                  "elasticache:DescribeCacheClusters",
                  "elasticache:DescribeReservedCacheNodes",
                  "elasticache:ListTagsForResource",
                  "elasticmapreduce:DescribeCluster",
                  "elasticmapreduce:ListClusters",
                  "elasticmapreduce:ListInstances",
                  "rds:DescribeDBClusters",
                  "rds:DescribeDBInstances",
                  "rds:DescribeReservedDBInstances",
                  "rds:ListTagsForResource",
                  "redshift:DescribeClusters",
                  "redshift:DescribeReservedNodes",
                  "redshift:DescribeTags"
                ],
                "Effect": "Allow",
                "Resource": "*"
              }]
            }
          }]
        }
      },

      "CloudabilityUser": {
        "Type": "AWS::IAM::User",
        "Properties": {
          "Path": "/pw-hq/",
          "UserName": "502700894",
          "Groups": [
            {"Ref": "groupCloudability"}
          ]
        }
      },

      "useraccesskey" : {
        "Type" : "AWS::IAM::AccessKey",
        "Properties" : {
          "UserName" : { "Ref" : "CloudabilityUser" }
        }
      }   
  },

  "Outputs" : {
    "AccessKeyforuseraccesskey" : {
      "Description" : "User Access Key: ",
      "Value" : { "Ref" : "useraccesskey" }
    },
    "SecretKeyforuseraccesskey" : {
      "Description" : "User Secret Access Key: ",
      "Value" : {
        "Fn::GetAtt" : [ "useraccesskey", "SecretAccessKey" ]
      }
    }
  }
}
