{  
   "AWSTemplateFormatVersion":"2010-09-09",
   "Description":"Cloudformation stack for digifit app IAM profile",
   "Parameters":{  
      "App":{  
         "Type":"String",
         "Description":"Name of the application. e.g.: powerplusdigitalhub"
      },
      "Environment":{  
         "Type":"String",
         "AllowedValues":[
            "qa",
            "prd"
         ]
      },
     "UAI":{  
         "Type":"String",
         "Description":"Universal Application Identifier. Found at https://applications.ge.com. (DigiFit - UAI2004206)"
      },
      "VBucketName1":{  
         "Type":"String",
         "Description":"Provide the name of the S3 ET Bucket to provision access on. Just the bucket name not the full arn."
      },
      "VBucketName2":{  
         "Type":"String",
         "Description":"Provide the name of the S3 Bucket to provision access on. Just the bucket name not the full arn."
      }
   },
   "Resources":{  
      "Role":{  
         "Type":"AWS::IAM::Role",
         "Properties":{  
            "AssumeRolePolicyDocument":{  
               "Version":"2012-10-17",
               "Statement":[  
                  {  
                     "Effect":"Allow",
                     "Principal":{  
                        "Service":"ec2.amazonaws.com"
                     },
                     "Action":"sts:AssumeRole"
                  }
               ]
            },
            "ManagedPolicyArns":[  
               {  
                  "Fn::Join":[  
                     ":",
                     [  
                        "arn:aws:iam:",
                        {  
                           "Ref":"AWS::AccountId"
                        },
                        "policy/cs/awsiam-sauce"
                     ]
                  ]
               },
               {  
                  "Fn::Join":[  
                     ":",
                     [  
                        "arn:aws:iam:",
                        {  
                           "Ref":"AWS::AccountId"
                        },
                        "policy/cs/awsiam-sauce-the-sequel"
                     ]
                  ]
               }
            ],
            "Path":{  
               "Fn::Join":[  
                  "/",
                  [  
                     "/app/et",
                     {  
                        "Ref":"UAI"
                     },
                     {  
                        "Ref":"Environment"
                     },
                     ""
                  ]
               ]
            },
            "RoleName":{  
               "Fn::Join":[  
                  "-",
                  [  
                     {  
                        "Ref":"App"
                     },
                     {  
                        "Ref":"Environment"
                     },
                     "app"
                  ]
               ]
            }
         }
      },
      "RolePolicy":{  
         "Type":"AWS::IAM::Policy",
         "Properties":{  
            "PolicyName":{  
               "Fn::Join":[  
                  "-",
                  [  
                     {  
                        "Ref":"App"
                     },
                     {  
                        "Ref":"Environment"
                     },
                     "policy"
                  ]
               ]
            },
            "Roles":[  
               {  
                  "Ref":"Role"
               }
            ],
            "PolicyDocument":{  
               "Version":"2012-10-17",
               "Statement":[  
                  {  
                     "Sid":"AllowS3Listing",
                     "Action":[  
                        "s3:ListBucket"
                     ],
                     "Effect":"Allow",
                     "Resource":[  
                        {  
                           "Fn::Join":[  
                              "",
                              [  
                                 "arn:aws:s3:::",
                                 {  
                                    "Ref":"VBucketName1"
                                 }
                              ]
                           ]
                        }
                     ],
                     "Condition":{  
                        "StringLike":{  
                           "s3:prefix":[  
                              "et/powerplusdigitalhub/*"
                           ]
                        }
                     }
                  },
                  {  
                     "Sid":"AllowS3ListingAppBucket",
                     "Action":[  
                        "s3:ListBucket"
                     ],
                     "Effect":"Allow",
                     "Resource":[  
                        {  
                           "Fn::Join":[  
                              "",
                              [  
                                 "arn:aws:s3:::",
                                 {  
                                    "Ref":"VBucketName2"
                                 }
                              ]
                           ]
                        }
                     ]
                  },
                  {  
                     "Sid":"AllowS3Get",
                     "Effect":"Allow",
                     "Action":[  
                        "s3:GetObject",
                        "s3:DeleteObject",
                        "s3:DeleteObjectVersion",
                        "s3:PutObject",
                        "s3:PutBucketTagging",
                        "s3:AbortMultipartUpload",
                        "s3:RestoreObject"
                     ],
                     "Resource":[
                        {  
                           "Fn::Join":[  
                              "",
                              [  
                                 "arn:aws:s3:::",
                                 {  
                                    "Ref":"VBucketName1"
                                 },
                                 "/et/powerplusdigitalhub/*"
                              ]
                           ]
                        },
                        {  
                           "Fn::Join":[  
                              "",
                              [  
                                 "arn:aws:s3:::",
                                 {  
                                    "Ref":"VBucketName2"
                                 },
                                 "/*"
                              ]
                           ]
                        }
                     ]
                  }
               ]
            }
         }
      },
      "S3InstanceProfile":{  
         "Type":"AWS::IAM::InstanceProfile",
         "Properties":{  
            "Path":{  
               "Fn::Join":[  
                  "/",
                  [  
                     "/app/et",
                     {  
                        "Ref":"UAI"
                     },
                     {  
                        "Ref":"Environment"
                     },
                     ""
                  ]
               ]
            },
            "Roles":[  
               {  
                  "Ref":"Role"
               }
            ]
         }
      }
   }
}
