{
	"AWSTemplateFormatVersion": "2010-09-09",
	"Resources": {
		"ObsrvblRole": {
			"Type": "AWS::IAM::Role",
			"Properties": {
				"RoleName": "bu-pw-obsrvbl_role",
				"AssumeRolePolicyDocument": {
					"Version": "2012-10-17",
					"Statement": [{
						"Effect": "Allow",
						"Principal": {
							"AWS": "arn:aws:iam::757972810156:root"
						},
						"Action": "sts:AssumeRole",
						"Condition": {
							"StringEquals": {
								"sts:ExternalId": "ge"
							}
						}
					}]
				},
				"Path": "/",
				"ManagedPolicyArns": [{
					"Fn::Join": [":", ["arn:aws:iam:", {
						"Ref": "AWS::AccountId"
					}, "policy/cs/awsiam-sauce"]]
				}, {
					"Fn::Join": [":", ["arn:aws:iam:", {
						"Ref": "AWS::AccountId"
					}, "policy/cs/awsiam-sauce-the-sequel"]]
				}]
			}
		},
		"RolePolicies": {
			"Type": "AWS::IAM::Policy",
			"Properties": {
				"PolicyName": "bu-pw-obsrvbl-policy",
				"Roles": [{
					"Ref": "ObsrvblRole"
				}],
				"PolicyDocument": {
					"Version": "2012-10-17",
					"Statement": [{
							"Action": [
								"autoscaling:Describe*",
								"cloudtrail:LookupEvents",
								"cloudwatch:Get*",
								"cloudwatch:List*",
								"ec2:Describe*",
								"elasticache:Describe*",
								"elasticache:List*",
								"elasticloadbalancing:Describe*",
								"iam:Get*",
								"iam:List*",
								"inspector:*",
								"rds:Describe*",
								"rds:List*",
								"redshift:Describe*",
								"workspaces:Describe*",
								"route53:List*"
							],
							"Effect": "Allow",
							"Resource": "*"
						},
						{
							"Effect": "Allow",
							"Resource": "*",
							"Action": [
								"logs:Describe*",
								"logs:GetLogEvents",
								"logs:FilterLogEvents",
								"logs:PutSubscriptionFilter",
								"logs:DeleteSubscriptionFilter"
							]
						}
					]
				}
			}
		}
	}
}
