{
    "AWSTemplateFormatVersion": "2010-09-09",
    "Mappings": {
        "AccountPathMapping": {
            "564772463473": {
                "Path": "/app/pw/UAI2006819/dev/",
                "S3bucket": "cf-templates-125bmlj0vlgxc-us-east-1"
            },
            "753920291680": {
                "Path": "/app/pw/UAI2000020/prd/",
                "S3bucket": "cf-templates-1rvxwxq3r2t2z-us-east-1"
            }
        }
    },  
    "Resources": {
        "cloudformationRole": {
          "Type": "AWS::IAM::Role",
          "Properties": {
            "Path": { "Fn::FindInMap": ["AccountPathMapping", { "Ref": "AWS::AccountId" }, "Path"] },
            "RoleName": "bu-pw-cldfrmtn-app",
            "ManagedPolicyArns": [
              { "Fn::Join": [":", ["arn:aws:iam:", { "Ref": "AWS::AccountId" }, "policy/cs/awsiam-sauce" ] ] },
              { "Fn::Join": [":", ["arn:aws:iam:", { "Ref": "AWS::AccountId" }, "policy/cs/awsiam-sauce-the-sequel" ] ] }
            ],
            "AssumeRolePolicyDocument": {
              "Version": "2012-10-17",
              "Statement": [ {
                  "Action": [ "sts:AssumeRole" ],
                  "Effect": "Allow",
                  "Principal": { "Service": [ "ec2.amazonaws.com" ] }
              },
              {
                "Sid": "AllowJenkinsRole",
                "Effect": "Allow",
                "Principal": { "AWS": "arn:aws:iam::988201728534:role/app/pw-hq/UAI2000020/prd/jenkins-prd-app" },
                "Action": [ "sts:AssumeRole" ]
              },
              {
                "Sid": "AllowJenkinsUS4PRole",
                "Effect": "Allow",
                "Principal": { "AWS": "arn:aws:iam::753920291680:role/app/pw-hq/UAI2006957/prd/jenkins-us4p-instance-profile" },
                "Action": [ "sts:AssumeRole" ]
              }]
            }
          }
        },
        "RolePolicy": {
            "Type": "AWS::IAM::Policy",
            "Properties": {
                "PolicyName": "bu-pw-cldfrmtn-app-policy",
                "Roles": [{ "Ref": "cloudformationRole" }],
                "PolicyDocument": {
                    "Version": "2012-10-17",
                    "Statement": [{
                        "Sid": "AllowCloudFormationActions",
                        "Effect": "Allow",
                        "Action": [
                            "cloudformation:CreateStack",
                            "cloudformation:CancelUpdateStack",
                            "cloudformation:DeleteStack",
                            "cloudformation:UpdateStack",
                            "cloudformation:ValidateTemplate",
                            "cloudformation:DescribeStacks",
                            "cloudformation:DescribeStackResources",
                            "cloudformation:ListStackResources"
                        ],
                        "Resource": {
                            "Fn::Join": [":", ["arn:aws:cloudformation", {
                                "Ref": "AWS::Region"
                            }, {
                                "Ref": "AWS::AccountId"
                            }, "stack/*"]]
                        }
                    },{
                        "Sid": "AllowListingCloudFormationStacks",
                        "Effect": "Allow",
                        "Action": [ "cloudformation:ListStacks" ],
                        "Resource": "*"
                    }, {
                        "Sid": "AllowCloudWatchEventsAction",
                        "Action": [
                          "events:DescribeRule",
                          "events:EnableRule",
                          "events:ListRules",
                          "events:PutRule",
                          "events:DisableRule",
                          "events:PutTargets"
                        ],
                        "Effect": "Allow",
                        "Resource": "*"
                      }, {
                        "Sid": "AllowS3Access",
                        "Effect": "Allow",
                        "Action": [
                            "s3:ListBucket",
                            "s3:GetObject",
                            "s3:PutObject",
                            "s3:DeleteObject",
                            "s3:AbortMultipartUpload",
                            "s3:ListMultipartUploadParts"
                        ],
                        "Resource": [{ "Fn::Join": [ "", [ "arn:aws:s3:::", { "Fn::FindInMap": ["AccountPathMapping", { "Ref": "AWS::AccountId" }, "S3bucket"] } ] ] },
                                     { "Fn::Join": [ "", [ "arn:aws:s3:::", { "Fn::FindInMap": ["AccountPathMapping", { "Ref": "AWS::AccountId" }, "S3bucket"] }, "/*" ] ] }]
                    }, {
                        "Sid": "AllowEC2Actions",
                        "Effect": "Allow",
                        "Action": [
                            "ec2:RunInstances",
                            "ec2:AttachVolume",
                            "ec2:DetachVolume",
                            "ec2:DeleteVolume",
                            "ec2:DeleteSecurityGroup",
                            "ec2:TerminateInstances",
                            "ec2:StartInstances",
                            "ec2:StopInstances",
                            "ec2:AuthorizeSecurityGroupEgress",
                            "ec2:AuthorizeSecurityGroupIngress",
                            "ec2:RevokeSecurityGroupEgress",
                            "ec2:RevokeSecurityGroupIngress"
                        ],
                        "Resource": [{
                            "Fn::Join": [":", ["arn:aws:ec2", {
                                "Ref": "AWS::Region"
                            }, {
                                "Ref": "AWS::AccountId"
                            }, "instance/*"]]
                        }, {
                            "Fn::Join": [":", ["arn:aws:ec2", {
                                "Ref": "AWS::Region"
                            }, {
                                "Ref": "AWS::AccountId"
                            }, "volume/*"]]
                        }, {
                            "Fn::Join": [":", ["arn:aws:ec2", {
                                "Ref": "AWS::Region"
                            }, {
                                "Ref": "AWS::AccountId"
                            }, "security-group/*"]]
                        }, {
                            "Fn::Join": [":", ["arn:aws:ec2", {
                                "Ref": "AWS::Region"
                            }, {
                                "Ref": "AWS::AccountId"
                            }, "subnet/*"]]
                        }, {
                            "Fn::Join": [":", ["arn:aws:ec2", {
                                "Ref": "AWS::Region"
                            }, {
                                "Ref": "AWS::AccountId"
                            }, "placement-group/*"]]
                        }, {
                            "Fn::Join": [":", ["arn:aws:ec2", {
                                "Ref": "AWS::Region"
                            }, {
                                "Ref": "AWS::AccountId"
                            }, "network-interface/*"]]
                        }, {
                            "Fn::Join": [":", ["arn:aws:ec2", {
                                "Ref": "AWS::Region"
                            }, {
                                "Ref": "AWS::AccountId"
                            }, "key-pair/*"]]
                        }, {
                            "Fn::Join": [":", ["arn:aws:ec2", {
                                "Ref": "AWS::Region"
                            }, ":image/*"]]
                        }, {
                            "Fn::Join": [":", ["arn:aws:ec2", {
                                "Ref": "AWS::Region"
                            }, ":snapshot/*"]]
                        }]
                    }, {
                        "Effect": "Allow",
                        "Action": [
                            "ec2:CreateSecurityGroup",
                            "ec2:Describe*",
                            "ec2:CreateVolume",
                            "ec2:CreateTags",
                            "ec2:ModifyInstanceAttribute",
                            "ec2:ModifyVolumeAttribute",
                            "elasticloadbalancing:Describe*",
                            "rds:Describe*"
                        ],
                        "Resource": "*"
                    }, {
                        "Sid": "AllowELBActions",
                        "Effect": "Allow",
                        "Action": [
                            "elasticloadbalancing:ApplySecurityGroupsToLoadBalancer",
                            "elasticloadbalancing:AttachLoadBalancerToSubnets",
                            "elasticloadbalancing:AddTags",
                            "elasticloadbalancing:ConfigureHealthCheck",
                            "elasticloadbalancing:Create*",
                            "elasticloadbalancing:Delete*",
                            "elasticloadbalancing:DeregisterInstancesFromLoadBalancer",
                            "elasticloadbalancing:DetachLoadBalancerFromSubnets",
                            "elasticloadbalancing:Set*",
                            "elasticloadbalancing:ModifyLoadBalancerAttributes",
                            "elasticloadbalancing:EnableAvailabilityZonesForLoadBalancer",
                            "elasticloadbalancing:ModifyLoadBalancerAttributes",
                            "elasticloadbalancing:RegisterInstancesWithLoadBalancer"
                        ],
                        "Resource": {
                            "Fn::Join": [":", ["arn:aws:elasticloadbalancing", {
                                "Ref": "AWS::Region"
                            }, {
                                "Ref": "AWS::AccountId"
                            }, "loadbalancer/*"]]
                        }
                    }, {
                        "Sid": "AllowSNSActions",
                        "Effect": "Allow",
                        "Action": [
                            "sns:ConfirmSubscription",
                            "sns:CreateTopic",
                            "sns:DeleteTopic",
                            "sns:GetSubscriptionAttributes",
                            "sns:GetTopicAttributes",
                            "sns:ListSubscriptions",
                            "sns:ListSubscriptionsByTopic",
                            "sns:SetSubscriptionAttributes",
                            "sns:SetTopicAttributes",
                            "sns:Subscribe",
                            "sns:Unsubscribe",
                            "sns:Publish"
                        ],
                        "Resource": {
                            "Fn::Join": [":", ["arn:aws:sns", {
                                "Ref": "AWS::Region"
                            }, {
                                "Ref": "AWS::AccountId"
                            }, "pwr-autoscaling-*"]]
                        }
                    }, {
                        "Sid": "AllowSNSList",
                        "Effect": "Allow",
                        "Action": [
                            "sns:ListTopics"
                        ],
                        "Resource": "*"
                    }, {
                      "Sid": "AllowASGActions",
                      "Action": [
                        "autoscaling:AttachInstances",
                        "autoscaling:AttachLoadBalancers",
                        "autoscaling:CreateAutoScalingGroup",
                        "autoscaling:CreateLaunchConfiguration",
                        "autoscaling:CreateOrUpdateTags",
                        "autoscaling:DeleteAutoScalingGroup",
                        "autoscaling:DeleteLaunchConfiguration",
                        "autoscaling:DeleteNotificationConfiguration",
                        "autoscaling:DeletePolicy",
                        "autoscaling:DescribeAutoScalingGroups",
                        "autoscaling:DescribeAutoScalingInstances",
                        "autoscaling:DescribeAutoScalingNotificationTypes",
                        "autoscaling:DescribeLaunchConfigurations",
                        "autoscaling:DescribeLoadBalancers",
                        "autoscaling:DescribeScalingActivities",
                        "autoscaling:DescribeTags",
                        "autoscaling:DetachInstances",
                        "autoscaling:DetachLoadBalancers",
                        "autoscaling:PutScalingPolicy",
                        "autoscaling:TerminateInstanceInAutoScalingGroup",
                        "autoscaling:UpdateAutoScalingGroup",
                        "autoscaling:PutNotificationConfiguration",
                        "autoscaling:DescribeScheduledActions",
                        "autoscaling:SetDesiredCapacity"
                      ],
                      "Effect": "Allow",
                      "Resource": "*"
                    }, {
                      "Sid": "AllowCloudWatchActions",
                      "Action": [
                        "cloudwatch:DeleteAlarms",
                        "cloudwatch:DescribeAlarms",
                        "cloudwatch:DescribeAlarmsForMetric",
                        "cloudwatch:DisableAlarmActions",
                        "cloudwatch:EnableAlarmActions",
                        "cloudwatch:GetMetricData",
                        "cloudwatch:GetMetricStatistics",
                        "cloudwatch:ListMetrics",
                        "cloudwatch:PutMetricAlarm",
                        "cloudwatch:PutMetricData",
                        "cloudwatch:SetAlarmState"
                      ],
                      "Effect": "Allow",
                      "Resource": "*"
                    }, {
                        "Sid": "AllowRDSActions",
                        "Effect": "Allow",
                        "Action": [
                            "rds:AddTagsToResource",
                            "rds:AuthorizeDBSecurityGroupIngress",
                            "rds:CreateDBInstance",
                            "rds:CreateDBSecurityGroup",
                            "rds:DeleteDBInstance",
                            "rds:RestoreDBInstanceFromDBSnapshot",
                            "rds:ModifyDBInstance",
                            "rds:ListTagsForResource",
                            "rds:CreateDBSnapshot",
                            "rds:RebootDBInstance",
                            "rds:ResetDBParameterGroup",
                            "rds:CopyDBParameterGroup",
                            "rds:CreateDBParameterGroup",
                            "rds:CreateOptionGroup",
                            "rds:CopyOptionGroup",
                            "rds:ModifyOptionGroup"
                        ],
                        "Resource": "*"
                    }, {
                        "Sid": "AllowIAMActions",
                        "Effect": "Allow",
                        "Action": [
                            "iam:PassRole"
                        ],
                        "Resource": {
                            "Fn::Join": [":", ["arn:aws:iam:", {
                                "Ref": "AWS::AccountId"
                            }, "role/*"]]
                        }
                    }]
                }
            }
        }
    }
}
