{
	"AWSTemplateFormatVersion": "2010-09-09",
	"Mappings": {
		"AccountPathMapping": {
			"930136447543": {
				"Path": "/pw-hq/"
			},
			"988201728534": {
				"Path": "/pw-hq/"
			},
			"951854665038": {
				"Path": "/pw-hq/"
			},
			"322870840626": {
				"Path": "/pw-hq/"
			},
			"510369821637": {
				"Path": "/wtr/UAI2000020/"
			}
		}
	},
	"Resources": {
		"LambdaRole": {
			"Type": "AWS::IAM::Role",
			"Properties": {
				"RoleName": "bu-pw-lambda-rdssnapshotrole-app",
				"AssumeRolePolicyDocument": {
					"Version": "2012-10-17",
					"Statement": [{
						"Effect": "Allow",
						"Principal": {
							"Service": ["lambda.amazonaws.com"]
						},
						"Action": ["sts:AssumeRole"]
					}]
				},
				"Path": {
					"Fn::FindInMap": ["AccountPathMapping", {
						"Ref": "AWS::AccountId"
					}, "Path"]
				}
			}
		},
		"RolePolicies": {
			"Type": "AWS::IAM::Policy",
			"Properties": {
				"PolicyName": "bu-pw-lambda-rdssnapshotrole-app-policy",
				"PolicyDocument": {
					"Version": "2012-10-17",
					"Statement": [{
						"Sid": "AllowLogActions",
						"Effect": "Allow",
						"Action": [
							"logs:CreateLogGroup",
							"logs:CreateLogStream",
							"logs:PutLogEvents"
						],
						"Resource": "arn:aws:logs:*:*:*"
					}, {
						"Sid": "RDSSnapShotActions",
						"Effect": "Allow",
						"Action": [
							"rds:CreateDBSnapshot",
							"rds:AddTagsToResource"
						],
						"Resource": "*"

					}]
				},
				"Roles": [{
					"Ref": "LambdaRole"
				}]
			}
		}
	}
}
