{
  "AWSTemplateFormatVersion": "2010-09-09",
  "Description": "Cloudformation stack for bu-pw-moneypenny-poc-user",

  "Parameters": {
    "UAI": {
      "Type": "String",
      "AllowedPattern": "UAI[0-9]*",
      "MinLength": 10,
      "MaxLength": 10,
      "Description": "Unique Application identifier to be created or determined at http://applications.ge.com/"
    },
    "AppName": {
      "Type": "String",
      "Description": "The name of the Application"
    },
    "Path": {
      "Type": "String",
      "Description": "The path used, usually the P&L in charge"
    },
    "Username": {
      "Type": "String",
      "Description": "The functional username/sso --> this have to be a valid functional sso!"
    }
  },

  "Resources": {
    "MoneypennyDeviceIamGroup": {
      "Type": "AWS::IAM::Group",
      "Properties": {
        "GroupName": {
          "Ref": "AppName"
        },
        "Path": {
          "Fn::Join": ["/", ["", {
            "Ref": "UAI"
          }, {
            "Ref": "Path"
          }, {
            "Ref": "AppName"
          }, ""]]
        },
        "ManagedPolicyArns": ["arn:aws:iam::aws:policy/AlexaForBusinessDeviceSetup",
          {
            "Fn::Join": ["", ["arn:aws:iam::", {
              "Ref": "AWS::AccountId"
            }, ":policy/cs/awsiam-sauce"]]
          },
          {
            "Fn::Join": ["", ["arn:aws:iam::", {
              "Ref": "AWS::AccountId"
            }, ":policy/cs/awsiam-sauce-the-sequel"]]
          }
        ]
      }
    },
    "MoneypennyDeviceIamUser": {
      "Type": "AWS::IAM::User",
      "Properties": {
        "UserName": {
          "Ref": "Username"
        },
        "Path": {
          "Fn::Join": ["/", ["", {
            "Ref": "UAI"
          }, {
            "Ref": "Path"
          }, {
            "Ref": "AppName"
          }, ""]]
        },
        "Groups": [{
          "Ref": "MoneypennyDeviceIamGroup"
        }]
      }
    },

    "MoneypennyDeviceUserPermissionToRotateKey": {
      "Type": "AWS::IAM::Policy",
      "Properties": {
        "PolicyName": {
          "Fn::Join": ["-", [{
            "Ref": "AppName"
          }, "iam-key-rotate"]]
        },
        "Groups": [{
          "Ref": "MoneypennyDeviceIamGroup"
        }],
        "PolicyDocument": {
          "Version": "2012-10-17",
          "Statement": [{
            "Sid": "AllowManageOwnUserDetails",
            "Effect": "Allow",
            "Action": [
              "iam:CreateAccessKey",
              "iam:DeleteAccessKey",
              "iam:ListAccessKeys",
              "iam:UpdateAccessKey"
            ],
            "Resource": {
              "Fn::GetAtt": ["MoneypennyDeviceIamUser", "Arn"]
            }
          }]
        }
      }
    },

    "MoneypennyDeviceInlinePolicy": {
      "Type": "AWS::IAM::Policy",
      "Properties": {
        "PolicyName": "GuardDutyPermissions",
        "PolicyDocument": {
          "Version": "2012-10-17",
          "Statement": [{
            "Action": [
              "moneypenny:ListOrganizations",
              "moneypenny:RegisterDevice",
              "moneypenny:CompleteRegistration"
            ],
            "Effect": "Allow",
            "Resource": "*"
          }]
        },
        "Groups": [{
          "Ref": "MoneypennyDeviceIamGroup"
        }]
      }
    }
  }
}
