{
    "AWSTemplateFormatVersion": "2010-09-09",
    "Mappings": {
        "ActMap": {
            "444238132467": {
                "Subnets": ["subnet-1f228945", "subnet-39dc6e15"],
                "Path": "/hq/app/UAI2004397/"
            }
        }
    },
    "Resources": {
        "LambdaRole": {
            "Type": "AWS::IAM::Role",
            "Properties": {
                "AssumeRolePolicyDocument": {
                    "Version": "2012-10-17",
                    "Statement": [{
                        "Effect": "Allow",
                        "Principal": {
                            "Service": ["lambda.amazonaws.com"]
                        },
                        "Action": ["sts:AssumeRole"]
                    }]
                },
                "Path": { "Fn::FindInMap": ["ActMap", { "Ref": "AWS::AccountId" }, "Path"] },
                "RoleName": "ge-dt-us9p-lambda-cleanup-app"
            }
        },
        "RolePolicies": {
            "Type": "AWS::IAM::Policy",
            "Properties": {
                "PolicyName": "ge-dt-vpclambda-app-policy",
                "PolicyDocument": {
                    "Version": "2012-10-17",
                    "Statement": [{
                            "Effect": "Allow",
                            "Action": [
                                "logs:CreateLogGroup",
                                "logs:CreateLogStream",
                                "logs:PutLogEvents"
                            ],
                            "Resource": "arn:aws:logs:*:*:*"
                        },
                        {
                            "Effect": "Allow",
                            "Action": [
                                "ec2:CreateNetworkInterface",
                                "ec2:DescribeNetworkInterfaces",
                                "ec2:DetachNetworkInterface",
                                "ec2:DeleteNetworkInterface"
                            ],
                            "Resource": "*",
                            "Condition": {
                                "StringLikeIfExists": {
                                    "ec2:Subnet": {"Fn::FindInMap": ["ActMap", { "Ref": "AWS::AccountId" }, "Subnets"] }
                                }
                            }
                        }
                    ]
                },
                "Roles": [{ "Ref": "LambdaRole" }]
            }
        }
    }
}
