{
  "AWSTemplateFormatVersion": "2010-09-09",
  "Mappings": {
    "ActMap": {
      "444238132467": {
        "Path": "/hq/app/UAI2004397/",
        "VPCcode": "us9p",
        "Volumes": "vol-0c07fa3bac3eb96f4",
        "S3bucket": "us9p-automation-common-tools"
      }
    }
  },
  "Resources": {
    "JenkinsRole": {
      "Type": "AWS::IAM::Role",
      "Properties": {
        "AssumeRolePolicyDocument": {
          "Version": "2012-10-17",
          "Statement": [{
            "Effect": "Allow",
            "Principal": { "Service": ["ec2.amazonaws.com"] },
            "Action": ["sts:AssumeRole"]
          }]
        },
        "ManagedPolicyArns": [{ "Fn::Join": ["", ["arn:aws:iam::", { "Ref": "AWS::AccountId" }, ":policy/cs/awsiam-sauce"]] },
                              { "Fn::Join": ["", ["arn:aws:iam::", { "Ref": "AWS::AccountId" }, ":policy/cs/awsiam-sauce-the-sequel"]] }],
        "Path": { "Fn::FindInMap": ["ActMap", { "Ref": "AWS::AccountId" }, "Path"] },
        "RoleName": { "Fn::Join": ["-", ["ge-dt-application", { "Fn::FindInMap": ["ActMap", { "Ref": "AWS::AccountId" }, "VPCcode"] }, "jenkins-app"]] }
      }
    },
    "RolePolicies": {
      "Type": "AWS::IAM::Policy",
      "Properties": {
        "PolicyName": { "Fn::Join": ["-", ["ge-dt-application-jenkins", { "Fn::FindInMap": ["ActMap", { "Ref": "AWS::AccountId" }, "VPCcode"] }, "app-policy"]] },
        "PolicyDocument": {
          "Version": "2012-10-17",
          "Statement": [
          {
              "Sid": "AllowEBSActions",
              "Effect": "Allow",
              "Action": [
                  "ec2:AttachVolume"
              ],
              "Resource": [{ "Fn::Join": [":", ["arn:aws:ec2", { "Ref": "AWS::Region" }, { "Ref": "AWS::AccountId" }, "instance/*"]] }, 
                           { "Fn::Join": ["", ["arn:aws:ec2:", { "Ref": "AWS::Region" }, ":", { "Ref": "AWS::AccountId" }, ":volume/", { "Fn::FindInMap": ["ActMap", { "Ref": "AWS::AccountId" }, "Volumes"] }]] } ],
              "Condition": { "StringEquals": { "ec2:ResourceTag/IsJenkins": "true" } }
          },
          {
              "Sid": "AllowEBSDescribe",
              "Effect": "Allow",
              "Action": [ 
                  "ec2:DescribeVolumes",
                  "ec2:DescribeSnapshots",
                  "ec2:DescribeSnapshotAttribute",
                  "ec2:DescribeVolumeStatus",
                  "ec2:DescribeVolumeAttribute"
              ],
              "Resource": "*"
          },
          {
              "Sid": "AllowS3Actions",
              "Action": [ "s3:ListBucket" ],
              "Effect": "Allow",
              "Resource": { "Fn::Join": ["", ["arn:aws:s3:::", { "Fn::FindInMap": ["ActMap", { "Ref": "AWS::AccountId" }, "S3bucket"] }]]}
          }, 
          {
              "Sid": "AllowOtherS3Access",
              "Action": [ "s3:PutObject", "s3:GetObject" ],
              "Effect": "Allow",
              "Resource": { "Fn::Join": ["", ["arn:aws:s3:::", { "Fn::FindInMap": ["ActMap", { "Ref": "AWS::AccountId" }, "S3bucket"] }, "/*" ]]}
          }]
        },
        "Roles": [{ "Ref": "JenkinsRole" }]
      }
    },
    "JenkinsInstanceProfile": {
      "Type": "AWS::IAM::InstanceProfile",
      "Properties": {
        "Path": { "Fn::FindInMap": ["ActMap", { "Ref": "AWS::AccountId" }, "Path"] },
        "Roles": [{ "Ref": "JenkinsRole" }],
        "InstanceProfileName": { "Fn::Join": ["-", ["ge-dt-application", { "Fn::FindInMap": ["ActMap", { "Ref": "AWS::AccountId" }, "VPCcode"] }, "jenkins-app"]] }
      }
    }
  }
}
