{
    "AWSTemplateFormatVersion": "2010-09-09",
    "Mappings": {
        "ActMap": {
            "444238132467": {
                "Path": "/hq/app/UAI2004397/"
            }
        }
    },
    "Resources": {
        "EC2Role": {
            "Type": "AWS::IAM::Role",
            "Properties": {
                "AssumeRolePolicyDocument": {
                    "Version": "2012-10-17",
                    "Statement": [{
                        "Effect": "Allow",
                        "Principal": {
                            "Service": ["ec2.amazonaws.com"]
                        },
                        "Action": ["sts:AssumeRole"]
                    },
                    {
                      "Sid": "AllowJenkinsRole",
                      "Effect": "Allow",
                      "Principal": {
                        "AWS": "arn:aws:iam::444238132467:role/hq/app/UAI2004397/ge-dt-master-us9p-jenkins-app"
                      },
                      "Action": "sts:AssumeRole"
                    }]
                },
                "RoleName": { "Fn::Join": [ "-", [ "ge-dt", "packer-app" ] ] },
                "Path": { "Fn::FindInMap": ["ActMap", { "Ref": "AWS::AccountId" }, "Path"] },
                "ManagedPolicyArns": [{
                    "Fn::Join": ["", ["arn:aws:iam::", { "Ref": "AWS::AccountId" }, ":policy/cs/awsiam-sauce"]] }, {
                    "Fn::Join": ["", ["arn:aws:iam::", { "Ref": "AWS::AccountId" }, ":policy/cs/awsiam-sauce-the-sequel"]]
                }]
            }
        },
        "InstanceProfile": {
            "Type": "AWS::IAM::InstanceProfile",
            "Properties": {
                "Path": { "Fn::FindInMap": ["ActMap", { "Ref": "AWS::AccountId" }, "Path"] },
                "Roles": [{ "Ref": "EC2Role" }]
            }
        },
        "RolePolicy": {
            "Type": "AWS::IAM::Policy",
            "Properties": {
                "PolicyName": "ge-dt-packer-us9p-policy",
                "Roles": [{
                    "Ref": "EC2Role"
                }],
                "PolicyDocument": {
                    "Version": "2012-10-17",
                    "Statement": [{
                        "Effect": "Allow",
                        "Action": [
                            "ec2:AttachVolume",
                            "ec2:CreateVolume",
                            "ec2:DeleteVolume",
                            "ec2:CreateKeypair",
                            "ec2:DeleteKeypair",
                            "ec2:DescribeSubnets",
                            "ec2:CreateSecurityGroup",
                            "ec2:DeleteSecurityGroup",
                            "ec2:AuthorizeSecurityGroupIngress",
                            "ec2:CreateImage",
                            "ec2:CopyImage",
                            "ec2:RunInstances",
                            "ec2:DescribeVolumes",
                            "ec2:DetachVolume",
                            "ec2:DescribeInstances",
                            "ec2:CreateSnapshot",
                            "ec2:DeleteSnapshot",
                            "ec2:DescribeSnapshots",
                            "ec2:DescribeImages",
                            "ec2:RegisterImage",
                            "ec2:CreateTags",
                            "ec2:ModifyImageAttribute",
                            "ec2:CreateNetworkInterface",
                            "ec2:DescribeNetworkInterfaces",
                            "ec2:DetachNetworkInterface",
                            "ec2:DeleteNetworkInterface",
                            "ec2:GetPasswordData"
                        ],
                        "Resource": "*"
                    },{
                       "Sid": "AllowTerminateActions",
                       "Action": [
                         "ec2:StopInstances",
                         "ec2:TerminateInstances"
                       ],
                       "Effect": "Allow",
                       "Resource": { "Fn::Join": [":", ["arn:aws:ec2", { "Ref": "AWS::Region" }, { "Ref": "AWS::AccountId" }, "instance/*"]] },
                       "Condition": { "StringEquals": { "ec2:ResourceTag/CreatedBy": "Packer" } }
                     }, {
                        "Sid": "AllowIAMActions",
                        "Effect": "Allow",
                        "Action": [ "iam:PassRole" ],
                        "Resource": { "Fn::Join": [":", ["arn:aws:iam:", { "Ref": "AWS::AccountId" }, "role/*-app"]] }
                    }]
                }
            }
        }
    }
}
