{
	"AWSTemplateFormatVersion": "2010-09-09",
	"Resources": {
		"appRole": {
			"Type": "AWS::IAM::Role",
			"Properties": {
				"AssumeRolePolicyDocument": {
					"Version": "2012-10-17",
					"Statement": [{
						"Effect": "Allow",
						"Principal": {
							"Service": ["ec2.amazonaws.com"]
						},
						"Action": ["sts:AssumeRole"]
					}]
				},
				"ManagedPolicyArns": [{
					"Fn::Join": ["", ["arn:aws:iam::", {
						"Ref": "AWS::AccountId"
					}, ":policy/cs/awsiam-sauce"]]
				}, {
					"Fn::Join": ["", ["arn:aws:iam::", {
						"Ref": "AWS::AccountId"
					}, ":policy/cs/awsiam-sauce-the-sequel"]]
				}],
				"Path": "/hq/app/UAI2004397/"
			}
		},
		"RolePolicies": {
			"Type": "AWS::IAM::Policy",
			"Properties": {
				"PolicyName": "ge-dt-master-jenkins-app-policy",
				"PolicyDocument": {
					"Version": "2012-10-17",
					"Statement": [{
						"Sid": "AssumeRole",
						"Effect": "Allow",
						"Action": [ "sts:AssumeRole" ],
						"Resource": [ "arn:aws:iam::444238132467:role/hq/app/UAI2004397/ge-dt-cldfrmtn-app" ]
					}]
				},
				"Roles": [{ "Ref": "appRole" }]
			}
		},
		"jenkinsInstanceProfile": {
			"Type": "AWS::IAM::InstanceProfile",
			"Properties": {
				"Path": "/hq/app/UAI2004397/",
				"Roles": [{ "Ref": "appRole" }]
			}
		}
	}
}
