{
  "AWSTemplateFormatVersion": "2010-09-09",
  "Resources": {
    "HVREC2Role": {
      "Type": "AWS::IAM::Role",
      "Properties": {
        "AssumeRolePolicyDocument": {
          "Version": "2012-10-17",
          "Statement": [
            {
              "Effect": "Allow",
              "Principal": {
                  "Service": [ "ec2.amazonaws.com" ]
              },
              "Action": [ "sts:AssumeRole" ]
            }
          ]
        },
        "RoleName": "ge-dt-pw-hvr-app",
        "Path": "/hq/app/UAI2008360/",
        "ManagedPolicyArns": [
          { "Fn::Join": [":", ["arn:aws:iam:", { "Ref": "AWS::AccountId" }, "policy/cs/awsiam-sauce"]] },
          { "Fn::Join": [":", ["arn:aws:iam:", { "Ref": "AWS::AccountId" }, "policy/cs/awsiam-sauce-the-sequel"]] }
        ]
      }
    },
    "InstanceProfile": {
      "Type": "AWS::IAM::InstanceProfile",
      "Properties": {
        "Path": "/hq/app/UAI2008360/",
        "Roles": [ { "Ref": "HVREC2Role" } ],
        "InstanceProfileName": "ge-dt-pw-hvr-app"
      }
    },
    "RolePolicy": {
      "Type": "AWS::IAM::Policy",
      "Properties": {
        "PolicyName": "ge-dt-pw-hvr-EC2Role-policy",
        "Roles": [ { "Ref": "HVREC2Role" } ],
        "PolicyDocument": {
          "Version": "2012-10-17",
          "Statement": [
            {
              "Sid": "BucketListing",
              "Action": [ "s3:ListBucket" ],
              "Effect": "Allow",
              "Resource": [ "arn:aws:s3:::us9p-hvr" ]
            },
            {
              "Sid": "BucketActions",
              "Effect": "Allow",
              "Action": [
                "s3:GetObject",
                "s3:GetObjectVersion",
                "s3:PutObject",
                "s3:DeleteObject",
                "s3:DeleteObjectVersion",
                "s3:ListMultipartUploadParts",
                "s3:AbortMultipartUpload",
                "s3:RestoreObject"
              ],
              "Resource": [
                "arn:aws:s3:::us9p-hvr",
                "arn:aws:s3:::us9p-hvr/*"
              ]
            }
          ]
        }
      }
    }
  }
}
