{
  "AWSTemplateFormatVersion": "2010-09-09",
  "Mappings": {
    "AccountPathMapping": {
        "930136447543": {
            "Path": "/app/pw-hq/UAI2004397/dev/ecs/",
            "Env": "dev"
        },
        "988201728534": {
            "Path": "/app/pw-hq/UAI2004397/prd/ecs/",
            "Env": "prd"
        },
        "951854665038": {
            "Path": "/app/pw-hq/UAI2004397/dev/ecs/",
            "Env": "dev"
        },
        "322870840626": {
            "Path": "/app/pw-hq/UAI2004397/prd/ecs/",
            "Env": "prd"
        },
        "510369821637": {
            "Path": "/app/wtr/UAI2004397/prd/ecs/",
            "Env": "prd"
        }
    }
  },
  "Resources": {
    "LambdaRole": {
      "Type": "AWS::IAM::Role",
      "Properties": {
        "RoleName": "bu-pw-lambda-ecstaskrole-app",
        "AssumeRolePolicyDocument": {
          "Version": "2012-10-17",
          "Statement": [
              {
                  "Effect": "Allow",
                  "Principal": { "Service": [ "lambda.amazonaws.com" ] },
                  "Action": [ "sts:AssumeRole" ]
              }
          ]
        },
        "Path": { "Fn::FindInMap": [ "AccountPathMapping", { "Ref": "AWS::AccountId" }, "Path" ] } }
    },
    "RolePolicies": {
      "Type": "AWS::IAM::Policy",
      "Properties": {
        "PolicyName": "bu-pw-lambda-ecstaskrole-app-policy",
        "PolicyDocument": {
          "Version": "2012-10-17",
          "Statement": [
            {
              "Sid": "AllowLogActions",
              "Effect": "Allow",
              "Action": [ "logs:CreateLogGroup", "logs:CreateLogStream", "logs:PutLogEvents" ],
              "Resource": "arn:aws:logs:*:*:*"
            },
            {
              "Sid": "AllowECSPermissions",
              "Action": [
                "ecs:CreateService",
                "ecs:DeleteService",
                "ecs:DeregisterTaskDefinition",
                "ecs:DescribeServices",
                "ecs:DescribeTaskDefinition",
                "ecs:DiscoverPollEndpoint",
                "ecs:ListClusters",
                "ecs:ListServices",
                "ecs:ListTaskDefinitionFamilies",
                "ecs:ListTaskDefinitions",
                "ecs:RegisterTaskDefinition",
                "ecs:UpdateService"
              ],
              "Effect": "Allow",
              "Resource": "*"
            },
            {
              "Sid": "AllowECSContainerInstancePermissions",
              "Action": [
                "ecs:DescribeContainerInstances",
                "ecs:ListTasks",
                "ecs:Poll",
                "ecs:StartTelemetrySession",
                "ecs:UpdateContainerAgent"
              ],
              "Effect": "Allow",
              "Resource": { "Fn::Join": [ ":", [ "arn:aws:ecs", { "Ref": "AWS::Region" }, { "Ref": "AWS::AccountId" }, "container-instance/*" ] ] },
              "Condition": { "StringLike": { "ecs:cluster": "pwr-cluster-*" } }
            },
            {
              "Sid": "AllowECSClusterPermissions",
              "Action": [
                "ecs:DescribeClusters",
                "ecs:DeregisterContainerInstance",
                "ecs:ListContainerInstances",
                "ecs:RegisterContainerInstance",
                "ecs:SubmitTaskStateChange",
                "ecs:SubmitContainerStateChange"
              ],
              "Effect": "Allow",
              "Resource": { "Fn::Join": [ ":", [ "arn:aws:ecs", { "Ref": "AWS::Region" }, { "Ref": "AWS::AccountId" }, "cluster/pwr-cluster-*" ] ] }
            },
            {
              "Sid": "AllowECSTaskPermissions",
              "Action": [
                "ecs:DescribeTasks",
                "ecs:StopTask"
              ],
              "Effect": "Allow",
              "Resource": { "Fn::Join": [ ":", [ "arn:aws:ecs", { "Ref": "AWS::Region" }, { "Ref": "AWS::AccountId" }, "task/*" ] ] },
              "Condition": { "StringLike": { "ecs:cluster": "pwr-cluster-*" } }
            },
            {
              "Sid": "AllowECSTaskDefinitionPermissions",
              "Action": [
                "ecs:RunTask",
                "ecs:StartTask"
              ],
              "Effect": "Allow",
              "Resource": { "Fn::Join": [ ":", [ "arn:aws:ecs", { "Ref": "AWS::Region" }, { "Ref": "AWS::AccountId" }, "task-definition/*" ] ] },
              "Condition": { "StringLike": { "ecs:cluster": "pwr-cluster-*" } }
            },
            {
              "Sid": "AllowAccessOfTaskQueue",
              "Action": [
                "sqs:DeleteMessage",
                "sqs:GetQueueUrl",
                "sqs:ListQueues",
                "sqs:ReceiveMessage",
                "sqs:SendMessage"
              ],
              "Effect": "Allow",
              "Resource": { "Fn::Join": [ ":", [ "arn:aws:sqs", { "Ref": "AWS::Region" }, { "Ref": "AWS::AccountId" }, "pw-ecstask-queue" ] ] }
            },
            {
                "Sid": "AllowLambdaActions",
                "Effect": "Allow",
                "Action": [ "lambda:InvokeFunction" ],
                "Resource": { "Fn::Join": [ ":", [ "arn:aws:lambda", { "Ref": "AWS::Region" }, { "Ref": "AWS::AccountId" }, "function", "ecs-task-configuration-*" ] ] }
            }
          ]},
        "Roles": [ { "Ref": "LambdaRole" }
        ]
      }
    }
  }
}
