{
    "AWSTemplateFormatVersion": "2010-09-09",

    "Resources": {
        "EC2Role": {
            "Type": "AWS::IAM::Role",
            "Properties": {
                "AssumeRolePolicyDocument": {
                    "Version": "2012-10-17",
                    "Statement": [{
                        "Effect": "Allow",
                        "Principal": {
                            "Service": ["ec2.amazonaws.com"]
                        },
                        "Action": ["sts:AssumeRole"]
                    }]
                },
                "Path": "/ps/",
                "RoleName": "gpupoc-dev-app"
            }
        },
        "InstanceProfile": {
            "Type": "AWS::IAM::InstanceProfile",
            "Properties": {
                "Path": "/ps/",
                "Roles": [{
                    "Ref": "EC2Role"
                }]
            }
        },
        "RolePolicy": {
            "Type": "AWS::IAM::Policy",
            "Properties": {
                "PolicyName": "bu-pw-dev-gpupoc-ge-policy",
                "Roles": [{"Ref": "EC2Role"}],
                "PolicyDocument": {
                    "Version": "2012-10-17",
                    "Statement": [{
                        "Sid": "BucketListing",
                        "Action": [
                            "s3:ListBucket"
                        ],
                        "Effect": "Allow",
                        "Resource": [
                            "arn:aws:s3:::dev-pw-central-us4n"
                        ],
                        "Condition": {
                            "StringLike": {
                                "s3:prefix": [
                                    "ps/gpupoc/*"
                                ]
                            }
                        }
                    }, {
                        "Sid": "BucketActions",
                        "Effect": "Allow",
                        "Action": [
                            "s3:GetObject",
                            "s3:GetObjectVersion",
                            "s3:PutObject",
                            "s3:DeleteObject",
                            "s3:DeleteObjectVersion",
                            "s3:ListMultipartUploadParts",
                            "s3:AbortMultipartUpload",
                            "s3:RestoreObject"
                        ],
                        "Resource": [
                            "arn:aws:s3:::dev-pw-central-us4n/ps/gpupoc/*"
                        ]
                    }]
                }
            }
        }
    }
}
