{
  "AWSTemplateFormatVersion": "2010-09-09",
  "Mappings": {
    "ActMap": {
      "930136447543": {
          "Path": "/cloudcontrol/pw-hq/UAI1010786/",
          "ReadOnlyPolicy": ":policy/hq/iam-policy-bu-pw-ReadOnly-Access-MBYWIZ4U47UY"
      },
      "988201728534": {
          "Path": "/cloudcontrol/pw-hq/UAI1010786/",
          "ReadOnlyPolicy": ":policy/hq/iam-policy-bu-pw-ReadOnly-Access-VWIH2ZHL2MJ2"
      },
      "951854665038": {
          "Path": "/cloudcontrol/pw-hq/UAI1010786/",
          "ReadOnlyPolicy": ":policy/hq/iam-policy-bu-pw-ReadOnly-Access-1975J1UL0D7AC"
      },
      "322870840626": {
          "Path": "/cloudcontrol/pw-hq/UAI1010786/",
          "ReadOnlyPolicy": ":policy/hq/iam-policy-bu-pw-ReadOnly-Access-17NLXAOM423MJ"
      }
    }
  },
  "Conditions" : {
    "IsUSPrd" : {"Fn::Equals" : [{"Ref": "AWS::AccountId"}, "988201728534"]},
    "IsUSDev" : {"Fn::Equals" : [{"Ref": "AWS::AccountId"}, "930136447543"]},
    "IsNotUSDev" : {"Fn::Not" : [{ "Fn::Equals" : [{"Ref" : "AWS::AccountId"},"930136447543"]}]}
  },
  "Resources": {
    "cloudcontrolDevRole": {
      "Type": "AWS::IAM::Role",
      "Condition" : "IsUSDev",
      "Properties": {
        "Path": { "Fn::FindInMap": ["ActMap", { "Ref": "AWS::AccountId" }, "Path"] },
        "RoleName": "bu-pw-cloudcontrol-app",
        "ManagedPolicyArns": [
          { "Fn::Join": [ "", [ "arn:aws:iam::", { "Ref": "AWS::AccountId" }, { "Fn::FindInMap": ["ActMap", { "Ref": "AWS::AccountId" }, "ReadOnlyPolicy"] } ] ] },
          { "Fn::Join": [":", ["arn:aws:iam:", { "Ref": "AWS::AccountId" }, "policy/cs/awsiam-sauce" ] ] },
          { "Fn::Join": [":", ["arn:aws:iam:", { "Ref": "AWS::AccountId" }, "policy/cs/awsiam-sauce-the-sequel" ] ] }
        ],
        "AssumeRolePolicyDocument": {
          "Version": "2012-10-17",
          "Statement": [ {
              "Action": [ "sts:AssumeRole" ],
              "Effect": "Allow",
              "Principal": { "Service": [ "ec2.amazonaws.com" ] }
          },
          {
            "Sid": "AllowCldCtrlRole",
            "Effect": "Allow",
            "Principal": { "AWS": "arn:aws:iam::988201728534:role/app/pw-hq/UAI2000020/prd/cldctrl-prd-app" },
            "Action": [ "sts:AssumeRole" ]
          },
          {
            "Sid": "AllowCldCtrlDevRole",
            "Effect": "Allow",
            "Principal": { "AWS": "arn:aws:iam::930136447543:role/app/pw-hq/UAI2000020/dev/cldctrl-dev-app" },
            "Action": [ "sts:AssumeRole" ]
          }
          ]
        }
      }
    },
    "cloudcontrolRole": {
      "Type": "AWS::IAM::Role",
      "Condition" : "IsNotUSDev",
      "Properties": {
        "Path": { "Fn::FindInMap": ["ActMap", { "Ref": "AWS::AccountId" }, "Path"] },
        "RoleName": "bu-pw-cloudcontrol-app",
        "ManagedPolicyArns": [
          { "Fn::Join": [ "", [ "arn:aws:iam::", { "Ref": "AWS::AccountId" }, { "Fn::FindInMap": ["ActMap", { "Ref": "AWS::AccountId" }, "ReadOnlyPolicy"] } ] ] },
          { "Fn::Join": [":", ["arn:aws:iam:", { "Ref": "AWS::AccountId" }, "policy/cs/awsiam-sauce" ] ] },
          { "Fn::Join": [":", ["arn:aws:iam:", { "Ref": "AWS::AccountId" }, "policy/cs/awsiam-sauce-the-sequel" ] ] }
        ],
        "AssumeRolePolicyDocument": {
          "Version": "2012-10-17",
          "Statement": [ {
              "Action": [ "sts:AssumeRole" ],
              "Effect": "Allow",
              "Principal": { "Service": [ "ec2.amazonaws.com" ] }
          },
          {
            "Sid": "AllowCldCtrlRole",
            "Effect": "Allow",
            "Principal": { "AWS": "arn:aws:iam::988201728534:role/app/pw-hq/UAI2000020/prd/cldctrl-prd-app" },
            "Action": [ "sts:AssumeRole" ]
          } ]
        }
      }
    },
    "RolePolicyGeneric": {
      "Type": "AWS::IAM::Policy",
      "Condition" : "IsNotUSDev",
      "Properties": {
        "PolicyName": "bu-pw-cldctrl-generic-app-policy",
        "Roles": [{ "Ref": "cloudcontrolRole" }],
        "PolicyDocument": {
          "Version": "2012-10-17",
          "Statement": [
          {
            "Sid": "AllowEC2Actions",
            "Effect": "Allow",
            "Action": [ "ec2:RebootInstances", "ec2:StartInstances", "ec2:StopInstances", "ec2:CopySnapshot", "ec2:CreateSnapshot", "ec2:CreateVolume", "ec2:DeleteSnapshot" ],
            "Resource": [ { "Fn::Join": [":", ["arn:aws:ec2", { "Ref": "AWS::Region" }, { "Ref": "AWS::AccountId" }, "instance/*"]]},
                          { "Fn::Join": [":", ["arn:aws:ec2", { "Ref": "AWS::Region" }, { "Ref": "AWS::AccountId" }, "volume/*"]]},
                          { "Fn::Join": [":", ["arn:aws:ec2", { "Ref": "AWS::Region" }, ":", "snapshot/*"]]}
            ]
          },
          {
            "Sid": "AllowRDSActions",
            "Action": [ "rds:CreateDBSnapshot", "rds:ModifyDBInstance" , "rds:StartDBInstance","rds:StopDBInstance","rds:RebootDBInstance","rds:DescribeDBSnapshots","rds:ListTagsForResource" ],
            "Effect": "Allow",
            "Resource": "*"
          },
          {
            "Sid": "AllowCloudTrailActions",
            "Effect": "Allow",
            "Action": [ "cloudtrail:LookupEvents" ],
            "Resource": "*"
          },
          {
            "Sid": "AllowKMSGrant",
            "Effect": "Allow",
            "Action": [
                "kms:CreateGrant"
            ],
            "Resource": [
              {"Fn::Join": [":", ["arn:aws:kms", { "Ref": "AWS::Region" }, { "Ref": "AWS::AccountId" }, "key/*"]]},
              {"Fn::Join": [":", ["arn:aws:kms", { "Ref": "AWS::Region" }, { "Ref": "AWS::AccountId" }, "alias/*"]]}
            ],
            "Condition": {
              "StringEquals": {
                "kms:ViaService": [
                  {"Fn::Join": [".", ["ec2", { "Ref": "AWS::Region" }, "amazonaws", "com"]]},
                  {"Fn::Join": [".", ["rds", { "Ref": "AWS::Region" }, "amazonaws", "com"]]}
                ]
              }
            }
          }]
        }
      }
    },
    "RolePolicyGenericDev": {
      "Type": "AWS::IAM::Policy",
      "Condition" : "IsUSDev",
      "Properties": {
        "PolicyName": "bu-pw-cldctrl-generic-app-policy",
        "Roles": [{ "Ref": "cloudcontrolDevRole" }],
        "PolicyDocument": {
          "Version": "2012-10-17",
          "Statement": [
          {
            "Sid": "AllowEC2Actions",
            "Effect": "Allow",
            "Action": [ "ec2:RebootInstances", "ec2:StartInstances", "ec2:StopInstances", "ec2:CopySnapshot", "ec2:CreateSnapshot", "ec2:CreateVolume", "ec2:DeleteSnapshot" ],
            "Resource": [ { "Fn::Join": [":", ["arn:aws:ec2", { "Ref": "AWS::Region" }, { "Ref": "AWS::AccountId" }, "instance/*"]]},
                          { "Fn::Join": [":", ["arn:aws:ec2", { "Ref": "AWS::Region" }, { "Ref": "AWS::AccountId" }, "volume/*"]]},
                          { "Fn::Join": [":", ["arn:aws:ec2", { "Ref": "AWS::Region" }, ":", "snapshot/*"]]}
            ]
          },
          {
            "Sid": "AllowRDSActions",
            "Action": [ "rds:CreateDBSnapshot", "rds:ModifyDBInstance","rds:StartDBInstance","rds:StopDBInstance","rds:RebootDBInstance","rds:DescribeDBSnapshots","rds:ListTagsForResource" ],
            "Effect": "Allow",
            "Resource": "*"
          },
          {
            "Sid": "AllowCloudTrailActions",
            "Effect": "Allow",
            "Action": [ "cloudtrail:LookupEvents" ],
            "Resource": "*"
          },
          {
            "Sid": "AllowKMSGrant",
            "Effect": "Allow",
            "Action": [
                "kms:CreateGrant"
            ],
            "Resource": [
              {"Fn::Join": [":", ["arn:aws:kms", { "Ref": "AWS::Region" }, { "Ref": "AWS::AccountId" }, "key/*"]]},
              {"Fn::Join": [":", ["arn:aws:kms", { "Ref": "AWS::Region" }, { "Ref": "AWS::AccountId" }, "alias/*"]]}
            ],
            "Condition": {
              "StringEquals": {
                "kms:ViaService": [
                  {"Fn::Join": [".", ["ec2", { "Ref": "AWS::Region" }, "amazonaws", "com"]]},
                  {"Fn::Join": [".", ["rds", { "Ref": "AWS::Region" }, "amazonaws", "com"]]}
                ]
              }
            }
          }]
        }
      }
    },
    "RolePolicySpecific": {
      "Type": "AWS::IAM::Policy",
      "Condition" : "IsUSPrd",
      "Properties": {
        "PolicyName": "bu-pw-cldctrl-specific-app-policy",
        "Roles": [{ "Ref": "cloudcontrolRole" }],
        "PolicyDocument": {
          "Version": "2012-10-17",
          "Statement": [
          {
            "Sid": "AllowS3Listing",
            "Effect": "Allow",
            "Action": [ "s3:ListBucket" ],
            "Resource": [ "arn:aws:s3:::cloudcontrol-us1p" ]
          },
          {
            "Sid": "AllowS3Get",
            "Effect": "Allow",
            "Action": [ "s3:GetObject", "s3:DeleteObject", "s3:DeleteObjectVersion", "s3:PutObject", "s3:PutBucketTagging", "s3:AbortMultipartUpload", "s3:RestoreObject" ],
            "Resource": [ "arn:aws:s3:::cloudcontrol-us1p/*" ]
          },
          {
            "Sid": "AllowSQSAccess",
            "Effect": "Allow",
            "Action": [ "sqs:SendMessage", "sqs:DeleteMessage", "sqs:ReceiveMessage", "sqs:GetQueueUrl", "sqs:ListQueues" ],
            "Resource": [ "arn:aws:sqs:us-east-1:988201728534:BotArmy-*" ]
          }]
        }
      }
    },
    "RolePolicyDevSpecific": {
      "Type": "AWS::IAM::Policy",
      "Condition" : "IsUSDev",
      "Properties": {
        "PolicyName": "bu-pw-cldctrl-specific-app-policy",
        "Roles": [{ "Ref": "cloudcontrolDevRole" }],
        "PolicyDocument": {
          "Version": "2012-10-17",
          "Statement": [
          {
            "Sid": "AllowS3Listing",
            "Effect": "Allow",
            "Action": [ "s3:ListBucket" ],
            "Resource": [ "arn:aws:s3:::cloudcontrol-us1n" ]
          },
          {
            "Sid": "AllowS3Get",
            "Effect": "Allow",
            "Action": [ "s3:GetObject", "s3:DeleteObject", "s3:DeleteObjectVersion", "s3:PutObject", "s3:PutBucketTagging", "s3:AbortMultipartUpload", "s3:RestoreObject" ],
            "Resource": [ "arn:aws:s3:::cloudcontrol-us1n/*" ]
          },
          {
            "Sid": "AllowSQSAccess",
            "Effect": "Allow",
            "Action": [ "sqs:SendMessage", "sqs:DeleteMessage", "sqs:ReceiveMessage", "sqs:GetQueueUrl", "sqs:ListQueues" ],
            "Resource": [ "arn:aws:sqs:us-east-1:930136447543:BotArmy-*","arn:aws:sqs:us-east-1:930136447543:pwr-cloudcontrol-poc" ]
          }]
        }
      }
    }
  }
}
