{
	"AWSTemplateFormatVersion": "2010-09-09",
	"Resources": {
		"StepCloudwatchRole": {
			"Type": "AWS::IAM::Role",
			"Properties": {
				"RoleName": "bu-pw-step-cloudwatch-role",
				"AssumeRolePolicyDocument": {
					"Version": "2012-10-17",
					"Statement": [{
						"Effect": "Allow",
						"Principal": {
					             "Service": [ "events.amazonaws.com" ]  
						},
						"Action": [
                                		"sts:AssumeRole"
                            			]
                        		}
                    		]
                	},
				"Path": "/",
				"ManagedPolicyArns": [{
					"Fn::Join": [":", ["arn:aws:iam:", {
						"Ref": "AWS::AccountId"
					}, "policy/cs/awsiam-sauce"]]
				}, {
					"Fn::Join": [":", ["arn:aws:iam:", {
						"Ref": "AWS::AccountId"
					}, "policy/cs/awsiam-sauce-the-sequel"]]
				}]
			}
		},
		"RolePolicies": {
			"Type": "AWS::IAM::Policy",
			"Properties": {
				"PolicyName": "bu-pw-step-cloudwatch-policy",
				"Roles": [{
					"Ref": "StepCloudwatchRole"
				}],
				"PolicyDocument": {
				"Version": "2012-10-17",
				"Statement": [
					{
						"Effect": "Allow",
						 "Action": [ "states:StartExecution" ],
						"Resource": [ "arn:aws:states:*:*:stateMachine:*" ]
					}
				 ]
			  }
			}
		}
	}
}
