{
  "AWSTemplateFormatVersion": "2010-09-09",
  "Mappings": {
    "AccountPathMapping": {
      "930136447543": { "Path": "/app/pw-hq/UAI2004397/dev/" },
      "988201728534": { "Path": "/app/pw-hq/UAI2004397/prd/" },
      "951854665038": { "Path": "/app/pw-hq/UAI2004397/dev/" },
      "322870840626": { "Path": "/app/pw-hq/UAI2004397/prd/" }
    }
  },  
  "Resources": {
      "stepFunctionRole": {
        "Type": "AWS::IAM::Role",
        "Properties": {
          "Path": { "Fn::FindInMap": ["AccountPathMapping", { "Ref": "AWS::AccountId" }, "Path"] },
          "RoleName": "bu-pw-step-function-invoke-lambda-app",
          "ManagedPolicyArns": [
            { "Fn::Join": [":", ["arn:aws:iam:", { "Ref": "AWS::AccountId" }, "policy/cs/awsiam-sauce" ] ] },
            { "Fn::Join": [":", ["arn:aws:iam:", { "Ref": "AWS::AccountId" }, "policy/cs/awsiam-sauce-the-sequel" ] ] }
          ],
          "AssumeRolePolicyDocument": {
            "Version": "2012-10-17",
            "Statement": [{
                "Sid": "AllowStatesRole",
                "Action": [ "sts:AssumeRole" ],
                "Effect": "Allow",
                "Principal": { "Service": [ "states.us-east-1.amazonaws.com" ] }
            }]
          }
        }
      },
      "RolePolicy": {
          "Type": "AWS::IAM::Policy",
          "Properties": {
              "PolicyName": "bu-pw-step-function-invoke-lambda-app-policy",
              "Roles": [{ "Ref": "stepFunctionRole" }],
              "PolicyDocument": {
                  "Version": "2012-10-17",
                  "Statement": [
                    {
                    "Effect": "Allow",
                    "Action": [ "lambda:InvokeFunction" ],
                    "Resource": { "Fn::Join": [":", ["arn:aws:lambda", { "Ref": "AWS::Region" }, { "Ref": "AWS::AccountId" }, "function:pwr-cldfrmtn-*" ] ] }
                    },
                    {
                       "Sid": "AllowLogActions",
                            "Effect": "Allow",
                            "Action": [
                                "logs:CreateLogGroup",
                                "logs:CreateLogStream",
                                "logs:PutLogEvents"
                            ],
                            "Resource": "arn:aws:logs:*:*:*"
                        },
                        {
                            
                          "Action": [  "SNS:Publish"  ],
                          "Effect": "Allow",
                          "Resource": {"Fn::Join": [  ":", [  "arn:aws:sns",  {  "Ref": "AWS::Region"  },  {  "Ref": "AWS::AccountId" }, "pwr-auto-*"  ]  ]},
                          "Sid": "AllowSNSActions"
                        },
                        {
                            "Sid": "AllowDescribeActions",
                            "Effect": "Allow",
                            "Action": [
                                "ec2:Describe*"
                            ],
                            "Resource": "*"
                        }
                
                ]
              }
          }
      }
  }
}
