{
	"AWSTemplateFormatVersion": "2010-09-09",
	"Description": "Cloudformation stack for bu-pw-reaperbot-app",
	"Parameters": {
		"UAI": {
			"Type": "String"
		},
		"Business": {
			"Type": "String"
		},
		"RoleType": {
			"Type": "String"
		},
		"Application": {
			"Type": "String"
		},
		"Environment": {
			"Type": "String"
		}
	},
	"Resources": {
		"ReaperbotRole": {
			"Type": "AWS::IAM::Role",
			"Properties": {
				"ManagedPolicyArns": [{
					"Fn::Join": ["", ["arn:aws:iam::", {
						"Ref": "AWS::AccountId"
					}, ":policy/cs/awsiam-sauce"]]
				}, {
					"Fn::Join": ["", ["arn:aws:iam::", {
						"Ref": "AWS::AccountId"
					}, ":policy/cs/awsiam-sauce-the-sequel"]]
				}],
				"AssumeRolePolicyDocument": {
					"Version": "2012-10-17",
					"Statement": [{
						"Effect": "Allow",
						"Principal": {
							"Service": [ "ec2.amazonaws.com"	]
						},
						"Action": [	"sts:AssumeRole" ]
					}]
				},
				"Path": { "Fn::Join": ["/", ["",{ "Ref": "RoleType" }, { "Ref": "Business" }, { "Ref": "UAI" }, { "Ref": "Environment" },""]] }
			}
		},
		"RolePolicy": {
			"Type": "AWS::IAM::Policy",
			"Properties": {
				"PolicyName": "reaperbot-app-policy",
				"PolicyDocument": {
					"Version": "2012-10-17",
					"Statement": [{
						"Sid": "reaperbot",
						"Effect": "Allow",
						"Action": [
							"ec2:Describe*",
							"ec2:StopInstances",
							"rds:Describe*",
							"rds:ListTagsForResource",
							"rds:CreateDBSnapshot",
							"rds:DeleteDBInstance",
							"rds:DeleteDBSnapshot"
						],
						"Resource": "*"
					}]
				},
				"Roles": [{	"Ref": "reaperbotRole" }]
			}
		},
		"ReaperbotInstanceProfile": {
			"Type": "AWS::IAM::InstanceProfile",
			"Properties": {
				"Path": { "Fn::Join": ["/", [{ "Ref": "RoleType" }, { "Ref": "Business" }, { "Ref": "UAI" }, { "Ref": "Environment" }]] },
				"Roles": [{
					"Ref": "reaperbotRole"
				}]
			}
		}
	}
}
