{
    "AWSTemplateFormatVersion": "2010-09-09",
    "Mappings": {
        "ActMap": { 
            "988201728534": { "Volumes": "vol-046e0791fd9d8c106", "Path": "/app/pw-hq/UAI2004397/prd/prd-jenkins/" }
        }
    },
    "Resources": {
        "EC2Role": {
            "Type": "AWS::IAM::Role",
            "Properties": {
                "AssumeRolePolicyDocument": {
                    "Version": "2012-10-17",
                    "Statement": [{
                        "Effect": "Allow",
                        "Principal": {
                            "Service": ["ec2.amazonaws.com"]
                        },
                        "Action": ["sts:AssumeRole"]
                    }]
                },
                "RoleName": "bu-pw-prd-jenkins-app",
                "Path": { "Fn::FindInMap": ["ActMap", { "Ref": "AWS::AccountId" }, "Path"] },
                "ManagedPolicyArns": [{
                    "Fn::Join": ["", ["arn:aws:iam::", { "Ref": "AWS::AccountId" }, ":policy/cs/awsiam-sauce"]] }, {
                    "Fn::Join": ["", ["arn:aws:iam::", { "Ref": "AWS::AccountId" }, ":policy/cs/awsiam-sauce-the-sequel"]]
                }]
            }
        },
        "InstanceProfile": {
            "Type": "AWS::IAM::InstanceProfile",
            "Properties": {
                "Path": { "Fn::FindInMap": ["ActMap", { "Ref": "AWS::AccountId" }, "Path"] },
                "Roles": [{ "Ref": "EC2Role" }]
            }
        },
        "RolePolicy": {
            "Type": "AWS::IAM::Policy",
            "Properties": {
                "PolicyName": "bu-pw-prd-jenkins-app-policy",
                "Roles": [{ "Ref": "EC2Role" }],
                "PolicyDocument": {
                    "Version": "2012-10-17",
                    "Statement": [{
                        "Sid": "AllowEBSActions",
                        "Effect": "Allow",
                        "Action": [
                            "ec2:AttachVolume",
                            "ec2:CreateVolume"
                        ],
                        "Resource": [{ "Fn::Join": [":", ["arn:aws:ec2", { "Ref": "AWS::Region" }, { "Ref": "AWS::AccountId" }, "instance/*"]] }, 
                                     { "Fn::Join": [":", ["arn:aws:ec2", { "Ref": "AWS::Region" }, { "Ref": "AWS::AccountId" }, "volume/*"]] } ],
                        "Condition": { "StringEquals": { "ec2:ResourceTag/IsJenkins": "true" } }
                    },
                    {
                        "Sid": "AllowEBSDescribe",
                        "Effect": "Allow",
                        "Action": [ 
                            "ec2:DescribeVolumes",
                            "ec2:DescribeSnapshots",
                            "ec2:DescribeSnapshotAttribute",
                            "ec2:DescribeVolumeStatus",
                            "ec2:DescribeVolumeAttribute"
                        ],
                        "Resource": "*"
                    }]
                }
            }
        }
    }
}
